"method","animal","dims","resolution","cluster","cell_count","is_small_cluster","average_silhouette_score","cumulative_variance","silhouette_score","n_DEGs","n_clusters"
"SCT","merged",10,0.25,"0",13275,FALSE,0.23496778337239,0.762711364651918,NA,NA,NA
"SCT","merged",10,0.25,"1",7003,FALSE,0.23496778337239,0.762711364651918,0.274283345908558,NA,NA
"SCT","merged",10,0.25,"2",5124,FALSE,0.23496778337239,0.762711364651918,0.267533104493664,NA,NA
"SCT","merged",10,0.25,"3",3774,FALSE,0.23496778337239,0.762711364651918,0.0513487623586829,NA,NA
"SCT","merged",10,0.25,"4",3414,FALSE,0.23496778337239,0.762711364651918,0.228850196634051,NA,NA
"SCT","merged",10,0.25,"5",3081,FALSE,0.23496778337239,0.762711364651918,0.176120893330374,NA,NA
"SCT","merged",10,0.25,"6",1300,FALSE,0.23496778337239,0.762711364651918,0.312542973904378,NA,NA
"SCT","merged",10,0.25,"7",523,FALSE,0.23496778337239,0.762711364651918,0.455130436199139,NA,NA
"SCT","merged",10,0.25,"8",422,FALSE,0.23496778337239,0.762711364651918,0.312730881992738,NA,NA
"SCT","merged",10,0.3,"0",11718,FALSE,0.228403186850224,0.762711364651918,NA,NA,NA
"SCT","merged",10,0.3,"1",6859,FALSE,0.228403186850224,0.762711364651918,0.328947687965343,NA,NA
"SCT","merged",10,0.3,"2",5318,FALSE,0.228403186850224,0.762711364651918,0.271916267285506,NA,NA
"SCT","merged",10,0.3,"3",3847,FALSE,0.228403186850224,0.762711364651918,0.0385187357628288,NA,NA
"SCT","merged",10,0.3,"4",3157,FALSE,0.228403186850224,0.762711364651918,0.215411637304717,NA,NA
"SCT","merged",10,0.3,"5",2389,FALSE,0.228403186850224,0.762711364651918,0.280811916031684,NA,NA
"SCT","merged",10,0.3,"6",2322,FALSE,0.228403186850224,0.762711364651918,-0.0517220418233498,NA,NA
"SCT","merged",10,0.3,"7",1295,FALSE,0.228403186850224,0.762711364651918,0.199515223922994,NA,NA
"SCT","merged",10,0.3,"8",592,FALSE,0.228403186850224,0.762711364651918,0.458487279050394,NA,NA
"SCT","merged",10,0.3,"9",419,FALSE,0.228403186850224,0.762711364651918,0.233489671714231,NA,NA
"SCT","merged",10,0.5,"0",6118,FALSE,0.172012558259589,0.762711364651918,NA,NA,NA
"SCT","merged",10,0.5,"1",6048,FALSE,0.172012558259589,0.762711364651918,0.109430703905454,NA,NA
"SCT","merged",10,0.5,"2",4951,FALSE,0.172012558259589,0.762711364651918,0.239307842608304,NA,NA
"SCT","merged",10,0.5,"3",3774,FALSE,0.172012558259589,0.762711364651918,0.258357123858472,NA,NA
"SCT","merged",10,0.5,"4",3161,FALSE,0.172012558259589,0.762711364651918,0.129221192725101,NA,NA
"SCT","merged",10,0.5,"5",2706,FALSE,0.172012558259589,0.762711364651918,0.263287422511101,NA,NA
"SCT","merged",10,0.5,"6",2483,FALSE,0.172012558259589,0.762711364651918,0.0558573206424392,NA,NA
"SCT","merged",10,0.5,"7",1849,FALSE,0.172012558259589,0.762711364651918,0.0306772467262289,NA,NA
"SCT","merged",10,0.5,"8",1481,FALSE,0.172012558259589,0.762711364651918,0.223666456528136,NA,NA
"SCT","merged",10,0.5,"9",1462,FALSE,0.172012558259589,0.762711364651918,-0.0630659132412642,NA,NA
"SCT","merged",10,0.5,"10",1301,FALSE,0.172012558259589,0.762711364651918,0.207320316865275,NA,NA
"SCT","merged",10,0.5,"11",1215,FALSE,0.172012558259589,0.762711364651918,0.393467744958942,NA,NA
"SCT","merged",10,0.5,"12",945,FALSE,0.172012558259589,0.762711364651918,-0.00891326961043514,NA,NA
"SCT","merged",10,0.5,"13",243,FALSE,0.172012558259589,0.762711364651918,0.388275604290267,NA,NA
"SCT","merged",10,0.5,"14",179,FALSE,0.172012558259589,0.762711364651918,0.119336806326894,NA,NA
"SCT","merged",10,0.75,"0",5633,FALSE,0.167149412158599,0.762711364651918,NA,NA,NA
"SCT","merged",10,0.75,"1",4392,FALSE,0.167149412158599,0.762711364651918,0.181103527123791,NA,NA
"SCT","merged",10,0.75,"2",4146,FALSE,0.167149412158599,0.762711364651918,0.364770823427774,NA,NA
"SCT","merged",10,0.75,"3",3966,FALSE,0.167149412158599,0.762711364651918,0.217624209405581,NA,NA
"SCT","merged",10,0.75,"4",3230,FALSE,0.167149412158599,0.762711364651918,0.115502284666149,NA,NA
"SCT","merged",10,0.75,"5",2810,FALSE,0.167149412158599,0.762711364651918,0.0318720467332964,NA,NA
"SCT","merged",10,0.75,"6",2765,FALSE,0.167149412158599,0.762711364651918,0.201542725281015,NA,NA
"SCT","merged",10,0.75,"7",2468,FALSE,0.167149412158599,0.762711364651918,0.149573400792027,NA,NA
"SCT","merged",10,0.75,"8",1980,FALSE,0.167149412158599,0.762711364651918,0.0329090354780353,NA,NA
"SCT","merged",10,0.75,"9",1504,FALSE,0.167149412158599,0.762711364651918,0.0188531995909347,NA,NA
"SCT","merged",10,0.75,"10",1366,FALSE,0.167149412158599,0.762711364651918,-0.111539599364465,NA,NA
"SCT","merged",10,0.75,"11",1291,FALSE,0.167149412158599,0.762711364651918,0.238786749232488,NA,NA
"SCT","merged",10,0.75,"12",980,FALSE,0.167149412158599,0.762711364651918,0.403739155076253,NA,NA
"SCT","merged",10,0.75,"13",824,FALSE,0.167149412158599,0.762711364651918,0.356649655619569,NA,NA
"SCT","merged",10,0.75,"14",243,FALSE,0.167149412158599,0.762711364651918,0.0149766259338906,NA,NA
"SCT","merged",10,0.75,"15",183,FALSE,0.167149412158599,0.762711364651918,0.119513491329579,NA,NA
"SCT","merged",10,0.75,"16",135,FALSE,0.167149412158599,0.762711364651918,0.327273311053813,NA,NA
"SCT","merged",15,0.25,"0",13260,FALSE,0.211724117509996,0.849636781044562,NA,NA,NA
"SCT","merged",15,0.25,"1",6294,FALSE,0.211724117509996,0.849636781044562,0.217153670186687,NA,NA
"SCT","merged",15,0.25,"2",3867,FALSE,0.211724117509996,0.849636781044562,0.237003873135448,NA,NA
"SCT","merged",15,0.25,"3",3508,FALSE,0.211724117509996,0.849636781044562,0.214805621892947,NA,NA
"SCT","merged",15,0.25,"4",3369,FALSE,0.211724117509996,0.849636781044562,0.139831955549642,NA,NA
"SCT","merged",15,0.25,"5",3018,FALSE,0.211724117509996,0.849636781044562,0.0804113447061526,NA,NA
"SCT","merged",15,0.25,"6",2310,FALSE,0.211724117509996,0.849636781044562,0.296623307584164,NA,NA
"SCT","merged",15,0.25,"7",1293,FALSE,0.211724117509996,0.849636781044562,0.155493392310842,NA,NA
"SCT","merged",15,0.25,"8",576,FALSE,0.211724117509996,0.849636781044562,0.422725501078688,NA,NA
"SCT","merged",15,0.25,"9",238,FALSE,0.211724117509996,0.849636781044562,0.187391845423463,NA,NA
"SCT","merged",15,0.25,"10",183,FALSE,0.211724117509996,0.849636781044562,0.160987521610696,NA,NA
"SCT","merged",15,0.3,"0",12318,FALSE,0.193491075810081,0.849636781044562,NA,NA,NA
"SCT","merged",15,0.3,"1",4531,FALSE,0.193491075810081,0.849636781044562,0.216722065061876,NA,NA
"SCT","merged",15,0.3,"2",3896,FALSE,0.193491075810081,0.849636781044562,0.321912871125162,NA,NA
"SCT","merged",15,0.3,"3",3443,FALSE,0.193491075810081,0.849636781044562,0.144868329091169,NA,NA
"SCT","merged",15,0.3,"4",3053,FALSE,0.193491075810081,0.849636781044562,0.0434073204772275,NA,NA
"SCT","merged",15,0.3,"5",2318,FALSE,0.193491075810081,0.849636781044562,0.268288542000504,NA,NA
"SCT","merged",15,0.3,"6",2290,FALSE,0.193491075810081,0.849636781044562,0.128696567694106,NA,NA
"SCT","merged",15,0.3,"7",2026,FALSE,0.193491075810081,0.849636781044562,0.143531565448415,NA,NA
"SCT","merged",15,0.3,"8",1674,FALSE,0.193491075810081,0.849636781044562,-0.0491098964307319,NA,NA
"SCT","merged",15,0.3,"9",1293,FALSE,0.193491075810081,0.849636781044562,0.222868580163094,NA,NA
"SCT","merged",15,0.3,"10",653,FALSE,0.193491075810081,0.849636781044562,0.410094095453334,NA,NA
"SCT","merged",15,0.3,"11",238,FALSE,0.193491075810081,0.849636781044562,0.141130970376723,NA,NA
"SCT","merged",15,0.3,"12",183,FALSE,0.193491075810081,0.849636781044562,0.152205343062581,NA,NA
"SCT","merged",15,0.5,"0",8487,FALSE,0.14812416079195,0.849636781044562,NA,NA,NA
"SCT","merged",15,0.5,"1",3919,FALSE,0.14812416079195,0.849636781044562,0.0879103668099693,NA,NA
"SCT","merged",15,0.5,"2",3909,FALSE,0.14812416079195,0.849636781044562,0.15066945968309,NA,NA
"SCT","merged",15,0.5,"3",3280,FALSE,0.14812416079195,0.849636781044562,0.366876532926317,NA,NA
"SCT","merged",15,0.5,"4",3163,FALSE,0.14812416079195,0.849636781044562,0.06672561107285,NA,NA
"SCT","merged",15,0.5,"5",3107,FALSE,0.14812416079195,0.849636781044562,0.0934821462546318,NA,NA
"SCT","merged",15,0.5,"6",2491,FALSE,0.14812416079195,0.849636781044562,0.254616889501514,NA,NA
"SCT","merged",15,0.5,"7",2443,FALSE,0.14812416079195,0.849636781044562,0.0831489899302024,NA,NA
"SCT","merged",15,0.5,"8",2435,FALSE,0.14812416079195,0.849636781044562,-0.106790225699225,NA,NA
"SCT","merged",15,0.5,"9",2275,FALSE,0.14812416079195,0.849636781044562,0.140299467950079,NA,NA
"SCT","merged",15,0.5,"10",1295,FALSE,0.14812416079195,0.849636781044562,0.225670553155036,NA,NA
"SCT","merged",15,0.5,"11",649,FALSE,0.14812416079195,0.849636781044562,0.408691621978686,NA,NA
"SCT","merged",15,0.5,"12",238,FALSE,0.14812416079195,0.849636781044562,0.116259872722411,NA,NA
"SCT","merged",15,0.5,"13",225,FALSE,0.14812416079195,0.849636781044562,0.150300543025402,NA,NA
"SCT","merged",15,0.75,"0",5030,FALSE,0.155575557424759,0.849636781044562,NA,NA,NA
"SCT","merged",15,0.75,"1",4008,FALSE,0.155575557424759,0.849636781044562,0.170225335039584,NA,NA
"SCT","merged",15,0.75,"2",3966,FALSE,0.155575557424759,0.849636781044562,0.375599677457275,NA,NA
"SCT","merged",15,0.75,"3",3256,FALSE,0.155575557424759,0.849636781044562,0.142316093653719,NA,NA
"SCT","merged",15,0.75,"4",3088,FALSE,0.155575557424759,0.849636781044562,0.0704718222998385,NA,NA
"SCT","merged",15,0.75,"5",2958,FALSE,0.155575557424759,0.849636781044562,0.263187772655693,NA,NA
"SCT","merged",15,0.75,"6",2739,FALSE,0.155575557424759,0.849636781044562,0.00251338771985311,NA,NA
"SCT","merged",15,0.75,"7",2290,FALSE,0.155575557424759,0.849636781044562,0.0676731858376159,NA,NA
"SCT","merged",15,0.75,"8",2198,FALSE,0.155575557424759,0.849636781044562,0.0890125057836776,NA,NA
"SCT","merged",15,0.75,"9",1833,FALSE,0.155575557424759,0.849636781044562,0.215557362877017,NA,NA
"SCT","merged",15,0.75,"10",1596,FALSE,0.155575557424759,0.849636781044562,0.0723173680211306,NA,NA
"SCT","merged",15,0.75,"11",1355,FALSE,0.155575557424759,0.849636781044562,0.138278290945068,NA,NA
"SCT","merged",15,0.75,"12",1293,FALSE,0.155575557424759,0.849636781044562,0.0450957565132795,NA,NA
"SCT","merged",15,0.75,"13",1243,FALSE,0.155575557424759,0.849636781044562,0.366110233840771,NA,NA
"SCT","merged",15,0.75,"14",464,FALSE,0.155575557424759,0.849636781044562,-0.112347877584981,NA,NA
"SCT","merged",15,0.75,"15",238,FALSE,0.155575557424759,0.849636781044562,0.311214034467712,NA,NA
"SCT","merged",15,0.75,"16",225,FALSE,0.155575557424759,0.849636781044562,0.14760722999294,NA,NA
"SCT","merged",15,0.75,"17",136,FALSE,0.155575557424759,0.849636781044562,0.427827359016849,NA,NA
"SCT","merged",20,0.25,"0",12743,FALSE,0.145596487314991,0.91252771511539,NA,NA,NA
"SCT","merged",20,0.25,"1",5572,FALSE,0.145596487314991,0.91252771511539,0.0892365498760452,NA,NA
"SCT","merged",20,0.25,"2",4118,FALSE,0.145596487314991,0.91252771511539,0.188808837861992,NA,NA
"SCT","merged",20,0.25,"3",3839,FALSE,0.145596487314991,0.91252771511539,0.0209410440222642,NA,NA
"SCT","merged",20,0.25,"4",3489,FALSE,0.145596487314991,0.91252771511539,0.17281307096911,NA,NA
"SCT","merged",20,0.25,"5",2991,FALSE,0.145596487314991,0.91252771511539,0.0810734552130678,NA,NA
"SCT","merged",20,0.25,"6",1684,FALSE,0.145596487314991,0.91252771511539,0.26046396867758,NA,NA
"SCT","merged",20,0.25,"7",1273,FALSE,0.145596487314991,0.91252771511539,0.221787700740737,NA,NA
"SCT","merged",20,0.25,"8",659,FALSE,0.145596487314991,0.91252771511539,0.408650018207217,NA,NA
"SCT","merged",20,0.25,"9",567,FALSE,0.145596487314991,0.91252771511539,0.269782459428122,NA,NA
"SCT","merged",20,0.25,"10",564,FALSE,0.145596487314991,0.91252771511539,0.375621826586263,NA,NA
"SCT","merged",20,0.25,"11",233,FALSE,0.145596487314991,0.91252771511539,0.145200688346262,NA,NA
"SCT","merged",20,0.25,"12",184,FALSE,0.145596487314991,0.91252771511539,0.168510122093933,NA,NA
"SCT","merged",20,0.3,"0",9411,FALSE,0.159237715417209,0.91252771511539,NA,NA,NA
"SCT","merged",20,0.3,"1",3881,FALSE,0.159237715417209,0.91252771511539,0.138390318501202,NA,NA
"SCT","merged",20,0.3,"2",3827,FALSE,0.159237715417209,0.91252771511539,0.356421505162556,NA,NA
"SCT","merged",20,0.3,"3",3060,FALSE,0.159237715417209,0.91252771511539,0.158563434645948,NA,NA
"SCT","merged",20,0.3,"4",2942,FALSE,0.159237715417209,0.91252771511539,0.236634728717887,NA,NA
"SCT","merged",20,0.3,"5",2883,FALSE,0.159237715417209,0.91252771511539,0.0330941872465991,NA,NA
"SCT","merged",20,0.3,"6",2610,FALSE,0.159237715417209,0.91252771511539,0.0807935888460743,NA,NA
"SCT","merged",20,0.3,"7",2304,FALSE,0.159237715417209,0.91252771511539,0.106652423845288,NA,NA
"SCT","merged",20,0.3,"8",2262,FALSE,0.159237715417209,0.91252771511539,0.0943506477772215,NA,NA
"SCT","merged",20,0.3,"9",2074,FALSE,0.159237715417209,0.91252771511539,0.159808581061991,NA,NA
"SCT","merged",20,0.3,"10",1273,FALSE,0.159237715417209,0.91252771511539,-0.055221295318127,NA,NA
"SCT","merged",20,0.3,"11",569,FALSE,0.159237715417209,0.91252771511539,0.408697109985216,NA,NA
"SCT","merged",20,0.3,"12",402,FALSE,0.159237715417209,0.91252771511539,0.365426061327466,NA,NA
"SCT","merged",20,0.3,"13",234,FALSE,0.159237715417209,0.91252771511539,0.171423467183789,NA,NA
"SCT","merged",20,0.3,"14",184,FALSE,0.159237715417209,0.91252771511539,0.157797184665144,NA,NA
"SCT","merged",20,0.5,"0",7857,FALSE,0.154380121313271,0.91252771511539,NA,NA,NA
"SCT","merged",20,0.5,"1",3849,FALSE,0.154380121313271,0.91252771511539,0.135591307162444,NA,NA
"SCT","merged",20,0.5,"2",3832,FALSE,0.154380121313271,0.91252771511539,0.354998507156925,NA,NA
"SCT","merged",20,0.5,"3",3510,FALSE,0.154380121313271,0.91252771511539,0.161121395810398,NA,NA
"SCT","merged",20,0.5,"4",2991,FALSE,0.154380121313271,0.91252771511539,0.0455610498359785,NA,NA
"SCT","merged",20,0.5,"5",2912,FALSE,0.154380121313271,0.91252771511539,0.265811382050593,NA,NA
"SCT","merged",20,0.5,"6",2858,FALSE,0.154380121313271,0.91252771511539,0.0572159525488997,NA,NA
"SCT","merged",20,0.5,"7",2318,FALSE,0.154380121313271,0.91252771511539,0.0437251369589706,NA,NA
"SCT","merged",20,0.5,"8",2295,FALSE,0.154380121313271,0.91252771511539,0.166009050497653,NA,NA
"SCT","merged",20,0.5,"9",2190,FALSE,0.154380121313271,0.91252771511539,0.0948779939805412,NA,NA
"SCT","merged",20,0.5,"10",1273,FALSE,0.154380121313271,0.91252771511539,-0.0727549556812963,NA,NA
"SCT","merged",20,0.5,"11",682,FALSE,0.154380121313271,0.91252771511539,0.408253807014213,NA,NA
"SCT","merged",20,0.5,"12",567,FALSE,0.154380121313271,0.91252771511539,0.208457997218327,NA,NA
"SCT","merged",20,0.5,"13",402,FALSE,0.154380121313271,0.91252771511539,0.367109216609022,NA,NA
"SCT","merged",20,0.5,"14",196,FALSE,0.154380121313271,0.91252771511539,0.169017421853625,NA,NA
"SCT","merged",20,0.5,"15",184,FALSE,0.154380121313271,0.91252771511539,0.318536392614008,NA,NA
"SCT","merged",20,0.75,"0",4705,FALSE,0.15743867319878,0.91252771511539,NA,NA,NA
"SCT","merged",20,0.75,"1",3985,FALSE,0.15743867319878,0.91252771511539,0.166808515805012,NA,NA
"SCT","merged",20,0.75,"2",3883,FALSE,0.15743867319878,0.91252771511539,0.140724357745626,NA,NA
"SCT","merged",20,0.75,"3",3327,FALSE,0.15743867319878,0.91252771511539,0.36045138447206,NA,NA
"SCT","merged",20,0.75,"4",2996,FALSE,0.15743867319878,0.91252771511539,0.0558968774899119,NA,NA
"SCT","merged",20,0.75,"5",2907,FALSE,0.15743867319878,0.91252771511539,0.0562486257127996,NA,NA
"SCT","merged",20,0.75,"6",2347,FALSE,0.15743867319878,0.91252771511539,0.259610019855885,NA,NA
"SCT","merged",20,0.75,"7",2298,FALSE,0.15743867319878,0.91252771511539,0.164794200395854,NA,NA
"SCT","merged",20,0.75,"8",2249,FALSE,0.15743867319878,0.91252771511539,0.0533034782520026,NA,NA
"SCT","merged",20,0.75,"9",1829,FALSE,0.15743867319878,0.91252771511539,0.144209831702974,NA,NA
"SCT","merged",20,0.75,"10",1280,FALSE,0.15743867319878,0.91252771511539,0.0855485222162179,NA,NA
"SCT","merged",20,0.75,"11",1159,FALSE,0.15743867319878,0.91252771511539,0.386966968013694,NA,NA
"SCT","merged",20,0.75,"12",1126,FALSE,0.15743867319878,0.91252771511539,0.019181479299108,NA,NA
"SCT","merged",20,0.75,"13",997,FALSE,0.15743867319878,0.91252771511539,0.0311810137022636,NA,NA
"SCT","merged",20,0.75,"14",735,FALSE,0.15743867319878,0.91252771511539,-0.0269412784521764,NA,NA
"SCT","merged",20,0.75,"15",707,FALSE,0.15743867319878,0.91252771511539,0.156863095438596,NA,NA
"SCT","merged",20,0.75,"16",567,FALSE,0.15743867319878,0.91252771511539,0.142084030043927,NA,NA
"SCT","merged",20,0.75,"17",402,FALSE,0.15743867319878,0.91252771511539,0.331662864375943,NA,NA
"SCT","merged",20,0.75,"18",233,FALSE,0.15743867319878,0.91252771511539,0.111284557650375,NA,NA
"SCT","merged",20,0.75,"19",184,FALSE,0.15743867319878,0.91252771511539,0.157429178277605,NA,NA
"SCT","merged",25,0.25,"0",10837,FALSE,0.141901631391588,0.960634677550975,NA,NA,NA
"SCT","merged",25,0.25,"1",5810,FALSE,0.141901631391588,0.960634677550975,0.111497976320943,NA,NA
"SCT","merged",25,0.25,"2",4100,FALSE,0.141901631391588,0.960634677550975,0.174234375374438,NA,NA
"SCT","merged",25,0.25,"3",3849,FALSE,0.141901631391588,0.960634677550975,0.0237047952724543,NA,NA
"SCT","merged",25,0.25,"4",3603,FALSE,0.141901631391588,0.960634677550975,0.16665622602906,NA,NA
"SCT","merged",25,0.25,"5",3001,FALSE,0.141901631391588,0.960634677550975,0.0638901054652564,NA,NA
"SCT","merged",25,0.25,"6",2252,FALSE,0.141901631391588,0.960634677550975,0.222168763409877,NA,NA
"SCT","merged",25,0.25,"7",1838,FALSE,0.141901631391588,0.960634677550975,0.124389914956007,NA,NA
"SCT","merged",25,0.25,"8",1271,FALSE,0.141901631391588,0.960634677550975,0.16948976259091,NA,NA
"SCT","merged",25,0.25,"9",573,FALSE,0.141901631391588,0.960634677550975,0.384637664636738,NA,NA
"SCT","merged",25,0.25,"10",403,FALSE,0.141901631391588,0.960634677550975,0.357165179529312,NA,NA
"SCT","merged",25,0.25,"11",196,FALSE,0.141901631391588,0.960634677550975,0.16163157159146,NA,NA
"SCT","merged",25,0.25,"12",183,FALSE,0.141901631391588,0.960634677550975,0.319594272036197,NA,NA
"SCT","merged",25,0.3,"0",9164,FALSE,0.131452238150336,0.960634677550975,NA,NA,NA
"SCT","merged",25,0.3,"1",4842,FALSE,0.131452238150336,0.960634677550975,0.0837902818842879,NA,NA
"SCT","merged",25,0.3,"2",4096,FALSE,0.131452238150336,0.960634677550975,0.186866917301139,NA,NA
"SCT","merged",25,0.3,"3",3968,FALSE,0.131452238150336,0.960634677550975,0.0191742275698192,NA,NA
"SCT","merged",25,0.3,"4",3115,FALSE,0.131452238150336,0.960634677550975,0.162699377959632,NA,NA
"SCT","merged",25,0.3,"5",2997,FALSE,0.131452238150336,0.960634677550975,0.0580086094125689,NA,NA
"SCT","merged",25,0.3,"6",2257,FALSE,0.131452238150336,0.960634677550975,0.224836400736843,NA,NA
"SCT","merged",25,0.3,"7",2030,FALSE,0.131452238150336,0.960634677550975,0.156334109388638,NA,NA
"SCT","merged",25,0.3,"8",1942,FALSE,0.131452238150336,0.960634677550975,0.213652686018875,NA,NA
"SCT","merged",25,0.3,"9",1267,FALSE,0.131452238150336,0.960634677550975,-0.0589129585938464,NA,NA
"SCT","merged",25,0.3,"10",685,FALSE,0.131452238150336,0.960634677550975,0.385930619900454,NA,NA
"SCT","merged",25,0.3,"11",602,FALSE,0.131452238150336,0.960634677550975,0.213857609937828,NA,NA
"SCT","merged",25,0.3,"12",573,FALSE,0.131452238150336,0.960634677550975,0.0763766495553228,NA,NA
"SCT","merged",25,0.3,"13",196,FALSE,0.131452238150336,0.960634677550975,0.35839769377898,NA,NA
"SCT","merged",25,0.3,"14",182,FALSE,0.131452238150336,0.960634677550975,0.318064378353509,NA,NA
"SCT","merged",25,0.5,"0",8755,FALSE,0.143942438194575,0.960634677550975,NA,NA,NA
"SCT","merged",25,0.5,"1",3863,FALSE,0.143942438194575,0.960634677550975,0.0900884692170638,NA,NA
"SCT","merged",25,0.5,"2",3781,FALSE,0.143942438194575,0.960634677550975,0.143442688850107,NA,NA
"SCT","merged",25,0.5,"3",3011,FALSE,0.143942438194575,0.960634677550975,0.335065258244358,NA,NA
"SCT","merged",25,0.5,"4",2850,FALSE,0.143942438194575,0.960634677550975,0.216869910624455,NA,NA
"SCT","merged",25,0.5,"5",2290,FALSE,0.143942438194575,0.960634677550975,0.0404727152310203,NA,NA
"SCT","merged",25,0.5,"6",2267,FALSE,0.143942438194575,0.960634677550975,0.150375494804105,NA,NA
"SCT","merged",25,0.5,"7",2048,FALSE,0.143942438194575,0.960634677550975,0.0777182413978157,NA,NA
"SCT","merged",25,0.5,"8",1950,FALSE,0.143942438194575,0.960634677550975,0.205991572597422,NA,NA
"SCT","merged",25,0.5,"9",1814,FALSE,0.143942438194575,0.960634677550975,-0.0595346095825531,NA,NA
"SCT","merged",25,0.5,"10",1268,FALSE,0.143942438194575,0.960634677550975,0.10790722355128,NA,NA
"SCT","merged",25,0.5,"11",1080,FALSE,0.143942438194575,0.960634677550975,0.375849227484133,NA,NA
"SCT","merged",25,0.5,"12",846,FALSE,0.143942438194575,0.960634677550975,0.0465008140930563,NA,NA
"SCT","merged",25,0.5,"13",700,FALSE,0.143942438194575,0.960634677550975,0.00709009434495629,NA,NA
"SCT","merged",25,0.5,"14",572,FALSE,0.143942438194575,0.960634677550975,0.199850843356975,NA,NA
"SCT","merged",25,0.5,"15",406,FALSE,0.143942438194575,0.960634677550975,0.322293688744516,NA,NA
"SCT","merged",25,0.5,"16",232,FALSE,0.143942438194575,0.960634677550975,0.126578192452596,NA,NA
"SCT","merged",25,0.5,"17",183,FALSE,0.143942438194575,0.960634677550975,0.164188906338017,NA,NA
"SCT","merged",25,0.75,"0",4647,FALSE,0.139650989274812,0.960634677550975,NA,NA,NA
"SCT","merged",25,0.75,"1",3931,FALSE,0.139650989274812,0.960634677550975,0.180488182132679,NA,NA
"SCT","merged",25,0.75,"2",3759,FALSE,0.139650989274812,0.960634677550975,0.114836441466921,NA,NA
"SCT","merged",25,0.75,"3",3115,FALSE,0.139650989274812,0.960634677550975,0.291735834404777,NA,NA
"SCT","merged",25,0.75,"4",3007,FALSE,0.139650989274812,0.960634677550975,0.0574496764752404,NA,NA
"SCT","merged",25,0.75,"5",2285,FALSE,0.139650989274812,0.960634677550975,0.213596691636452,NA,NA
"SCT","merged",25,0.75,"6",2255,FALSE,0.139650989274812,0.960634677550975,0.127820062629739,NA,NA
"SCT","merged",25,0.75,"7",2212,FALSE,0.139650989274812,0.960634677550975,0.0656672683700871,NA,NA
"SCT","merged",25,0.75,"8",1873,FALSE,0.139650989274812,0.960634677550975,0.152584342377034,NA,NA
"SCT","merged",25,0.75,"9",1841,FALSE,0.139650989274812,0.960634677550975,-0.0175256959640441,NA,NA
"SCT","merged",25,0.75,"10",1730,FALSE,0.139650989274812,0.960634677550975,0.101532310529247,NA,NA
"SCT","merged",25,0.75,"11",1572,FALSE,0.139650989274812,0.960634677550975,0.118817535393947,NA,NA
"SCT","merged",25,0.75,"12",1272,FALSE,0.139650989274812,0.960634677550975,-0.0462611714191865,NA,NA
"SCT","merged",25,0.75,"13",1173,FALSE,0.139650989274812,0.960634677550975,0.36298117896048,NA,NA
"SCT","merged",25,0.75,"14",1084,FALSE,0.139650989274812,0.960634677550975,0.0126460418526499,NA,NA
"SCT","merged",25,0.75,"15",760,FALSE,0.139650989274812,0.960634677550975,0.0426281652218572,NA,NA
"SCT","merged",25,0.75,"16",573,FALSE,0.139650989274812,0.960634677550975,0.144410843771534,NA,NA
"SCT","merged",25,0.75,"17",406,FALSE,0.139650989274812,0.960634677550975,0.319878707165446,NA,NA
"SCT","merged",25,0.75,"18",224,FALSE,0.139650989274812,0.960634677550975,0.129740318544248,NA,NA
"SCT","merged",25,0.75,"19",197,FALSE,0.139650989274812,0.960634677550975,0.418591509484894,NA,NA
"SCT","merged",30,0.25,"0",10046,FALSE,0.121847792229138,1,NA,NA,NA
"SCT","merged",30,0.25,"1",4951,FALSE,0.121847792229138,1,0.0490120418673469,NA,NA
"SCT","merged",30,0.25,"2",4090,FALSE,0.121847792229138,1,0.181397653617533,NA,NA
"SCT","merged",30,0.25,"3",3968,FALSE,0.121847792229138,1,0.0125629345025993,NA,NA
"SCT","merged",30,0.25,"4",3474,FALSE,0.121847792229138,1,0.14385876090099,NA,NA
"SCT","merged",30,0.25,"5",2986,FALSE,0.121847792229138,1,0.0827093746206031,NA,NA
"SCT","merged",30,0.25,"6",2798,FALSE,0.121847792229138,1,0.199476114177814,NA,NA
"SCT","merged",30,0.25,"7",2055,FALSE,0.121847792229138,1,0.0859606323972388,NA,NA
"SCT","merged",30,0.25,"8",1269,FALSE,0.121847792229138,1,0.216356989820472,NA,NA
"SCT","merged",30,0.25,"9",730,FALSE,0.121847792229138,1,0.369709312826276,NA,NA
"SCT","merged",30,0.25,"10",600,FALSE,0.121847792229138,1,0.214950780274266,NA,NA
"SCT","merged",30,0.25,"11",572,FALSE,0.121847792229138,1,0.0732961459999991,NA,NA
"SCT","merged",30,0.25,"12",195,FALSE,0.121847792229138,1,0.346498566735426,NA,NA
"SCT","merged",30,0.25,"13",182,FALSE,0.121847792229138,1,0.315157271946459,NA,NA
"SCT","merged",30,0.3,"0",10021,FALSE,0.128650833235789,1,NA,NA,NA
"SCT","merged",30,0.3,"1",4875,FALSE,0.128650833235789,1,0.102958094464958,NA,NA
"SCT","merged",30,0.3,"2",4102,FALSE,0.128650833235789,1,0.167592891213841,NA,NA
"SCT","merged",30,0.3,"3",3826,FALSE,0.128650833235789,1,0.0145079950457103,NA,NA
"SCT","merged",30,0.3,"4",3518,FALSE,0.128650833235789,1,0.159455682346901,NA,NA
"SCT","merged",30,0.3,"5",2985,FALSE,0.128650833235789,1,0.0831082388423716,NA,NA
"SCT","merged",30,0.3,"6",2867,FALSE,0.128650833235789,1,0.199274731011725,NA,NA
"SCT","merged",30,0.3,"7",2365,FALSE,0.128650833235789,1,0.078440596224128,NA,NA
"SCT","merged",30,0.3,"8",1269,FALSE,0.128650833235789,1,0.0834582809857811,NA,NA
"SCT","merged",30,0.3,"9",729,FALSE,0.128650833235789,1,0.368693166955863,NA,NA
"SCT","merged",30,0.3,"10",572,FALSE,0.128650833235789,1,0.210567246016304,NA,NA
"SCT","merged",30,0.3,"11",410,FALSE,0.128650833235789,1,0.34623379670028,NA,NA
"SCT","merged",30,0.3,"12",195,FALSE,0.128650833235789,1,0.145528533461289,NA,NA
"SCT","merged",30,0.3,"13",182,FALSE,0.128650833235789,1,0.315854720347777,NA,NA
"SCT","merged",30,0.5,"0",7778,FALSE,0.130455498702583,1,NA,NA,NA
"SCT","merged",30,0.5,"1",4011,FALSE,0.130455498702583,1,0.0961114221404611,NA,NA
"SCT","merged",30,0.5,"2",3748,FALSE,0.130455498702583,1,0.116589229626146,NA,NA
"SCT","merged",30,0.5,"3",3248,FALSE,0.130455498702583,1,0.332292860691496,NA,NA
"SCT","merged",30,0.5,"4",2986,FALSE,0.130455498702583,1,0.0165941062729772,NA,NA
"SCT","merged",30,0.5,"5",2256,FALSE,0.130455498702583,1,0.193851883586671,NA,NA
"SCT","merged",30,0.5,"6",2254,FALSE,0.130455498702583,1,0.147493118063869,NA,NA
"SCT","merged",30,0.5,"7",2236,FALSE,0.130455498702583,1,0.0555880206620017,NA,NA
"SCT","merged",30,0.5,"8",2194,FALSE,0.130455498702583,1,0.183613035479186,NA,NA
"SCT","merged",30,0.5,"9",1855,FALSE,0.130455498702583,1,-0.103232618102526,NA,NA
"SCT","merged",30,0.5,"10",1270,FALSE,0.130455498702583,1,0.0956002423262954,NA,NA
"SCT","merged",30,0.5,"11",1042,FALSE,0.130455498702583,1,0.35721778443096,NA,NA
"SCT","merged",30,0.5,"12",944,FALSE,0.130455498702583,1,0.0522022309467768,NA,NA
"SCT","merged",30,0.5,"13",734,FALSE,0.130455498702583,1,6.75233127556952e-07,NA,NA
"SCT","merged",30,0.5,"14",571,FALSE,0.130455498702583,1,0.178785033479421,NA,NA
"SCT","merged",30,0.5,"15",411,FALSE,0.130455498702583,1,0.312273511711644,NA,NA
"SCT","merged",30,0.5,"16",196,FALSE,0.130455498702583,1,0.114363031102509,NA,NA
"SCT","merged",30,0.5,"17",182,FALSE,0.130455498702583,1,0.304748130329425,NA,NA
"SCT","merged",30,0.75,"0",4927,FALSE,0.132373382995067,1,NA,NA,NA
"SCT","merged",30,0.75,"1",4016,FALSE,0.132373382995067,1,0.14632040451938,NA,NA
"SCT","merged",30,0.75,"2",3749,FALSE,0.132373382995067,1,0.107235291026926,NA,NA
"SCT","merged",30,0.75,"3",3321,FALSE,0.132373382995067,1,0.335423577364405,NA,NA
"SCT","merged",30,0.75,"4",2992,FALSE,0.132373382995067,1,0.000791139798396047,NA,NA
"SCT","merged",30,0.75,"5",2977,FALSE,0.132373382995067,1,0.0632290818578404,NA,NA
"SCT","merged",30,0.75,"6",2353,FALSE,0.132373382995067,1,0.195181143408749,NA,NA
"SCT","merged",30,0.75,"7",2321,FALSE,0.132373382995067,1,0.100209332829002,NA,NA
"SCT","merged",30,0.75,"8",2252,FALSE,0.132373382995067,1,0.121646973690753,NA,NA
"SCT","merged",30,0.75,"9",1858,FALSE,0.132373382995067,1,0.0456872895248578,NA,NA
"SCT","merged",30,0.75,"10",1270,FALSE,0.132373382995067,1,0.094791909838265,NA,NA
"SCT","merged",30,0.75,"11",1166,FALSE,0.132373382995067,1,0.348866153331655,NA,NA
"SCT","merged",30,0.75,"12",1045,FALSE,0.132373382995067,1,0.00384580779446336,NA,NA
"SCT","merged",30,0.75,"13",912,FALSE,0.132373382995067,1,0.0516701649401798,NA,NA
"SCT","merged",30,0.75,"14",754,FALSE,0.132373382995067,1,-0.0376305384944343,NA,NA
"SCT","merged",30,0.75,"15",642,FALSE,0.132373382995067,1,0.127064998359963,NA,NA
"SCT","merged",30,0.75,"16",572,FALSE,0.132373382995067,1,0.150563271088584,NA,NA
"SCT","merged",30,0.75,"17",411,FALSE,0.132373382995067,1,0.311432270615514,NA,NA
"SCT","merged",30,0.75,"18",196,FALSE,0.132373382995067,1,0.0818106747954709,NA,NA
"SCT","merged",30,0.75,"19",182,FALSE,0.132373382995067,1,0.302920280713819,NA,NA
"LogNormalize","merged",10,0.25,"0",10215,FALSE,0.246719026095621,0.708293811661275,NA,NA,NA
"LogNormalize","merged",10,0.25,"1",4694,FALSE,0.246719026095621,0.708293811661275,0.235458845637514,NA,NA
"LogNormalize","merged",10,0.25,"2",3677,FALSE,0.246719026095621,0.708293811661275,0.442404494382778,NA,NA
"LogNormalize","merged",10,0.25,"3",3599,FALSE,0.246719026095621,0.708293811661275,0.444970765269131,NA,NA
"LogNormalize","merged",10,0.25,"4",3219,FALSE,0.246719026095621,0.708293811661275,0.227456692800702,NA,NA
"LogNormalize","merged",10,0.25,"5",2809,FALSE,0.246719026095621,0.708293811661275,0.225397624527806,NA,NA
"LogNormalize","merged",10,0.25,"6",2359,FALSE,0.246719026095621,0.708293811661275,0.0907841607935793,NA,NA
"LogNormalize","merged",10,0.25,"7",1720,FALSE,0.246719026095621,0.708293811661275,0.25294207240922,NA,NA
"LogNormalize","merged",10,0.25,"8",1695,FALSE,0.246719026095621,0.708293811661275,0.198014234438401,NA,NA
"LogNormalize","merged",10,0.25,"9",1550,FALSE,0.246719026095621,0.708293811661275,0.221303476675183,NA,NA
"LogNormalize","merged",10,0.25,"10",989,FALSE,0.246719026095621,0.708293811661275,0.0182766081804217,NA,NA
"LogNormalize","merged",10,0.25,"11",615,FALSE,0.246719026095621,0.708293811661275,-0.0455945470304249,NA,NA
"LogNormalize","merged",10,0.25,"12",469,FALSE,0.246719026095621,0.708293811661275,0.208124832984535,NA,NA
"LogNormalize","merged",10,0.25,"13",306,FALSE,0.246719026095621,0.708293811661275,-0.181108142279474,NA,NA
"LogNormalize","merged",10,0.3,"0",8838,FALSE,0.244899489890387,0.708293811661275,NA,NA,NA
"LogNormalize","merged",10,0.3,"1",4906,FALSE,0.244899489890387,0.708293811661275,0.262667916097633,NA,NA
"LogNormalize","merged",10,0.3,"2",4605,FALSE,0.244899489890387,0.708293811661275,0.360451434734328,NA,NA
"LogNormalize","merged",10,0.3,"3",3555,FALSE,0.244899489890387,0.708293811661275,0.457401578651485,NA,NA
"LogNormalize","merged",10,0.3,"4",3202,FALSE,0.244899489890387,0.708293811661275,0.235024448093387,NA,NA
"LogNormalize","merged",10,0.3,"5",2962,FALSE,0.244899489890387,0.708293811661275,0.229175505442744,NA,NA
"LogNormalize","merged",10,0.3,"6",2458,FALSE,0.244899489890387,0.708293811661275,0.0793999291248347,NA,NA
"LogNormalize","merged",10,0.3,"7",1729,FALSE,0.244899489890387,0.708293811661275,0.198499491920576,NA,NA
"LogNormalize","merged",10,0.3,"8",1603,FALSE,0.244899489890387,0.708293811661275,0.18794397390569,NA,NA
"LogNormalize","merged",10,0.3,"9",1537,FALSE,0.244899489890387,0.708293811661275,0.265117846880971,NA,NA
"LogNormalize","merged",10,0.3,"10",1120,FALSE,0.244899489890387,0.708293811661275,0.0117740478626693,NA,NA
"LogNormalize","merged",10,0.3,"11",615,FALSE,0.244899489890387,0.708293811661275,-0.0910853129560849,NA,NA
"LogNormalize","merged",10,0.3,"12",480,FALSE,0.244899489890387,0.708293811661275,0.198758897740265,NA,NA
"LogNormalize","merged",10,0.3,"13",306,FALSE,0.244899489890387,0.708293811661275,-0.189633717509212,NA,NA
"LogNormalize","merged",10,0.5,"0",5268,FALSE,0.212388413661969,0.708293811661275,NA,NA,NA
"LogNormalize","merged",10,0.5,"1",4834,FALSE,0.212388413661969,0.708293811661275,0.175617520021684,NA,NA
"LogNormalize","merged",10,0.5,"2",4650,FALSE,0.212388413661969,0.708293811661275,0.341658436833191,NA,NA
"LogNormalize","merged",10,0.5,"3",3618,FALSE,0.212388413661969,0.708293811661275,0.45472198566661,NA,NA
"LogNormalize","merged",10,0.5,"4",3569,FALSE,0.212388413661969,0.708293811661275,0.102053231188093,NA,NA
"LogNormalize","merged",10,0.5,"5",3248,FALSE,0.212388413661969,0.708293811661275,0.233909724804768,NA,NA
"LogNormalize","merged",10,0.5,"6",2829,FALSE,0.212388413661969,0.708293811661275,0.213564161832627,NA,NA
"LogNormalize","merged",10,0.5,"7",2471,FALSE,0.212388413661969,0.708293811661275,0.0988229633155644,NA,NA
"LogNormalize","merged",10,0.5,"8",1742,FALSE,0.212388413661969,0.708293811661275,0.194486492647813,NA,NA
"LogNormalize","merged",10,0.5,"9",1607,FALSE,0.212388413661969,0.708293811661275,0.183776447948499,NA,NA
"LogNormalize","merged",10,0.5,"10",1523,FALSE,0.212388413661969,0.708293811661275,0.26500308474234,NA,NA
"LogNormalize","merged",10,0.5,"11",1132,FALSE,0.212388413661969,0.708293811661275,-0.0275777791751181,NA,NA
"LogNormalize","merged",10,0.5,"12",637,FALSE,0.212388413661969,0.708293811661275,-0.104491610707795,NA,NA
"LogNormalize","merged",10,0.5,"13",482,FALSE,0.212388413661969,0.708293811661275,0.178641486828533,NA,NA
"LogNormalize","merged",10,0.5,"14",306,FALSE,0.212388413661969,0.708293811661275,-0.197617500289432,NA,NA
"LogNormalize","merged",10,0.75,"0",4534,FALSE,0.191074466482329,0.708293811661275,NA,NA,NA
"LogNormalize","merged",10,0.75,"1",4165,FALSE,0.191074466482329,0.708293811661275,0.460578247974252,NA,NA
"LogNormalize","merged",10,0.75,"2",3672,FALSE,0.191074466482329,0.708293811661275,0.28808432943014,NA,NA
"LogNormalize","merged",10,0.75,"3",3579,FALSE,0.191074466482329,0.708293811661275,0.028844698482119,NA,NA
"LogNormalize","merged",10,0.75,"4",3543,FALSE,0.191074466482329,0.708293811661275,0.234802524178665,NA,NA
"LogNormalize","merged",10,0.75,"5",2998,FALSE,0.191074466482329,0.708293811661275,0.22939397518056,NA,NA
"LogNormalize","merged",10,0.75,"6",2969,FALSE,0.191074466482329,0.708293811661275,0.0967602295505782,NA,NA
"LogNormalize","merged",10,0.75,"7",2359,FALSE,0.191074466482329,0.708293811661275,0.0686453727095238,NA,NA
"LogNormalize","merged",10,0.75,"8",2345,FALSE,0.191074466482329,0.708293811661275,0.254436633816283,NA,NA
"LogNormalize","merged",10,0.75,"9",1667,FALSE,0.191074466482329,0.708293811661275,0.191495140220179,NA,NA
"LogNormalize","merged",10,0.75,"10",1642,FALSE,0.191074466482329,0.708293811661275,0.199556495189551,NA,NA
"LogNormalize","merged",10,0.75,"11",1568,FALSE,0.191074466482329,0.708293811661275,0.244803182027572,NA,NA
"LogNormalize","merged",10,0.75,"12",1133,FALSE,0.191074466482329,0.708293811661275,-0.0490131990298671,NA,NA
"LogNormalize","merged",10,0.75,"13",753,FALSE,0.191074466482329,0.708293811661275,-0.120563461149161,NA,NA
"LogNormalize","merged",10,0.75,"14",480,FALSE,0.191074466482329,0.708293811661275,0.100295946642111,NA,NA
"LogNormalize","merged",10,0.75,"15",306,FALSE,0.191074466482329,0.708293811661275,-0.208155586534273,NA,NA
"LogNormalize","merged",10,0.75,"16",203,FALSE,0.191074466482329,0.708293811661275,0.323010259188048,NA,NA
"LogNormalize","merged",15,0.25,"0",7007,FALSE,0.205967726299479,0.814291021316628,NA,NA,NA
"LogNormalize","merged",15,0.25,"1",5556,FALSE,0.205967726299479,0.814291021316628,0.204835064803264,NA,NA
"LogNormalize","merged",15,0.25,"2",5317,FALSE,0.205967726299479,0.814291021316628,0.0714255662923635,NA,NA
"LogNormalize","merged",15,0.25,"3",4567,FALSE,0.205967726299479,0.814291021316628,0.23979968128508,NA,NA
"LogNormalize","merged",15,0.25,"4",3779,FALSE,0.205967726299479,0.814291021316628,0.331899001773534,NA,NA
"LogNormalize","merged",15,0.25,"5",3101,FALSE,0.205967726299479,0.814291021316628,0.259299083557955,NA,NA
"LogNormalize","merged",15,0.25,"6",2495,FALSE,0.205967726299479,0.814291021316628,0.258022102436817,NA,NA
"LogNormalize","merged",15,0.25,"7",1563,FALSE,0.205967726299479,0.814291021316628,0.0994625885051284,NA,NA
"LogNormalize","merged",15,0.25,"8",1562,FALSE,0.205967726299479,0.814291021316628,0.280960752416104,NA,NA
"LogNormalize","merged",15,0.25,"9",1002,FALSE,0.205967726299479,0.814291021316628,0.244952368501832,NA,NA
"LogNormalize","merged",15,0.25,"10",638,FALSE,0.205967726299479,0.814291021316628,-0.0688445008236058,NA,NA
"LogNormalize","merged",15,0.25,"11",591,FALSE,0.205967726299479,0.814291021316628,0.181404520528227,NA,NA
"LogNormalize","merged",15,0.25,"12",434,FALSE,0.205967726299479,0.814291021316628,0.438676484712066,NA,NA
"LogNormalize","merged",15,0.25,"13",304,FALSE,0.205967726299479,0.814291021316628,-0.145337514500913,NA,NA
"LogNormalize","merged",15,0.3,"0",5232,FALSE,0.211179512427683,0.814291021316628,NA,NA,NA
"LogNormalize","merged",15,0.3,"1",4457,FALSE,0.211179512427683,0.814291021316628,0.216243462624712,NA,NA
"LogNormalize","merged",15,0.3,"2",4183,FALSE,0.211179512427683,0.814291021316628,0.327063586351422,NA,NA
"LogNormalize","merged",15,0.3,"3",4047,FALSE,0.211179512427683,0.814291021316628,0.158369243648801,NA,NA
"LogNormalize","merged",15,0.3,"4",3816,FALSE,0.211179512427683,0.814291021316628,0.405900380007426,NA,NA
"LogNormalize","merged",15,0.3,"5",3194,FALSE,0.211179512427683,0.814291021316628,0.203040912083262,NA,NA
"LogNormalize","merged",15,0.3,"6",2963,FALSE,0.211179512427683,0.814291021316628,0.214418624021523,NA,NA
"LogNormalize","merged",15,0.3,"7",1621,FALSE,0.211179512427683,0.814291021316628,0.0526174391016025,NA,NA
"LogNormalize","merged",15,0.3,"8",1562,FALSE,0.211179512427683,0.814291021316628,0.21123152378112,NA,NA
"LogNormalize","merged",15,0.3,"9",1444,FALSE,0.211179512427683,0.814291021316628,0.233702076320779,NA,NA
"LogNormalize","merged",15,0.3,"10",1338,FALSE,0.211179512427683,0.814291021316628,0.163897887532657,NA,NA
"LogNormalize","merged",15,0.3,"11",1039,FALSE,0.211179512427683,0.814291021316628,-0.021531059553731,NA,NA
"LogNormalize","merged",15,0.3,"12",1002,FALSE,0.211179512427683,0.814291021316628,0.287277607735975,NA,NA
"LogNormalize","merged",15,0.3,"13",690,FALSE,0.211179512427683,0.814291021316628,-0.0750870615059103,NA,NA
"LogNormalize","merged",15,0.3,"14",590,FALSE,0.211179512427683,0.814291021316628,0.124448990863779,NA,NA
"LogNormalize","merged",15,0.3,"15",434,FALSE,0.211179512427683,0.814291021316628,0.417496686007659,NA,NA
"LogNormalize","merged",15,0.3,"16",304,FALSE,0.211179512427683,0.814291021316628,-0.151136523398346,NA,NA
"LogNormalize","merged",15,0.5,"0",5326,FALSE,0.19835514490862,0.814291021316628,NA,NA,NA
"LogNormalize","merged",15,0.5,"1",4167,FALSE,0.19835514490862,0.814291021316628,0.207890748851964,NA,NA
"LogNormalize","merged",15,0.5,"2",4160,FALSE,0.19835514490862,0.814291021316628,0.157923533532217,NA,NA
"LogNormalize","merged",15,0.5,"3",3989,FALSE,0.19835514490862,0.814291021316628,0.349981801395499,NA,NA
"LogNormalize","merged",15,0.5,"4",3834,FALSE,0.19835514490862,0.814291021316628,0.404836499747114,NA,NA
"LogNormalize","merged",15,0.5,"5",3149,FALSE,0.19835514490862,0.814291021316628,0.190635430067473,NA,NA
"LogNormalize","merged",15,0.5,"6",2960,FALSE,0.19835514490862,0.814291021316628,0.0447081969714604,NA,NA
"LogNormalize","merged",15,0.5,"7",1572,FALSE,0.19835514490862,0.814291021316628,0.0974513236870425,NA,NA
"LogNormalize","merged",15,0.5,"8",1562,FALSE,0.19835514490862,0.814291021316628,0.237873749102189,NA,NA
"LogNormalize","merged",15,0.5,"9",1437,FALSE,0.19835514490862,0.814291021316628,0.232583740842608,NA,NA
"LogNormalize","merged",15,0.5,"10",1359,FALSE,0.19835514490862,0.814291021316628,0.168019176534715,NA,NA
"LogNormalize","merged",15,0.5,"11",1156,FALSE,0.19835514490862,0.814291021316628,-0.0215037883633216,NA,NA
"LogNormalize","merged",15,0.5,"12",1020,FALSE,0.19835514490862,0.814291021316628,0.197485730407259,NA,NA
"LogNormalize","merged",15,0.5,"13",643,FALSE,0.19835514490862,0.814291021316628,-0.08181617673712,NA,NA
"LogNormalize","merged",15,0.5,"14",592,FALSE,0.19835514490862,0.814291021316628,0.175624349683113,NA,NA
"LogNormalize","merged",15,0.5,"15",436,FALSE,0.19835514490862,0.814291021316628,0.414608817281536,NA,NA
"LogNormalize","merged",15,0.5,"16",304,FALSE,0.19835514490862,0.814291021316628,-0.153700783074557,NA,NA
"LogNormalize","merged",15,0.5,"17",250,FALSE,0.19835514490862,0.814291021316628,0.302849461595696,NA,NA
"LogNormalize","merged",15,0.75,"0",5292,FALSE,0.201807905292425,0.814291021316628,NA,NA,NA
"LogNormalize","merged",15,0.75,"1",4352,FALSE,0.201807905292425,0.814291021316628,0.211531997379564,NA,NA
"LogNormalize","merged",15,0.75,"2",4168,FALSE,0.201807905292425,0.814291021316628,0.337315125088447,NA,NA
"LogNormalize","merged",15,0.75,"3",4050,FALSE,0.201807905292425,0.814291021316628,0.159432739759186,NA,NA
"LogNormalize","merged",15,0.75,"4",3863,FALSE,0.201807905292425,0.814291021316628,0.404573591625013,NA,NA
"LogNormalize","merged",15,0.75,"5",2930,FALSE,0.201807905292425,0.814291021316628,0.202194023987703,NA,NA
"LogNormalize","merged",15,0.75,"6",2897,FALSE,0.201807905292425,0.814291021316628,0.0638208752439064,NA,NA
"LogNormalize","merged",15,0.75,"7",1572,FALSE,0.201807905292425,0.814291021316628,0.109748457778525,NA,NA
"LogNormalize","merged",15,0.75,"8",1568,FALSE,0.201807905292425,0.814291021316628,0.237683853982348,NA,NA
"LogNormalize","merged",15,0.75,"9",1416,FALSE,0.201807905292425,0.814291021316628,0.23053669639511,NA,NA
"LogNormalize","merged",15,0.75,"10",1406,FALSE,0.201807905292425,0.814291021316628,-0.0333811815653219,NA,NA
"LogNormalize","merged",15,0.75,"11",1169,FALSE,0.201807905292425,0.814291021316628,0.15344074969432,NA,NA
"LogNormalize","merged",15,0.75,"12",986,FALSE,0.201807905292425,0.814291021316628,0.194047346063315,NA,NA
"LogNormalize","merged",15,0.75,"13",648,FALSE,0.201807905292425,0.814291021316628,-0.077924032252792,NA,NA
"LogNormalize","merged",15,0.75,"14",614,FALSE,0.201807905292425,0.814291021316628,0.172739614215762,NA,NA
"LogNormalize","merged",15,0.75,"15",424,FALSE,0.201807905292425,0.814291021316628,0.382857641207349,NA,NA
"LogNormalize","merged",15,0.75,"16",308,FALSE,0.201807905292425,0.814291021316628,-0.144390228143816,NA,NA
"LogNormalize","merged",15,0.75,"17",253,FALSE,0.201807905292425,0.814291021316628,0.289340065525775,NA,NA
"LogNormalize","merged",20,0.25,"0",5325,FALSE,0.179028294201505,0.890097406977301,NA,NA,NA
"LogNormalize","merged",20,0.25,"1",5190,FALSE,0.179028294201505,0.890097406977301,0.201072852414719,NA,NA
"LogNormalize","merged",20,0.25,"2",5015,FALSE,0.179028294201505,0.890097406977301,0.0837884948008378,NA,NA
"LogNormalize","merged",20,0.25,"3",4885,FALSE,0.179028294201505,0.890097406977301,0.233796062311451,NA,NA
"LogNormalize","merged",20,0.25,"4",3790,FALSE,0.179028294201505,0.890097406977301,0.29639016208962,NA,NA
"LogNormalize","merged",20,0.25,"5",3380,FALSE,0.179028294201505,0.890097406977301,0.214189063096692,NA,NA
"LogNormalize","merged",20,0.25,"6",3142,FALSE,0.179028294201505,0.890097406977301,-0.00949659004542011,NA,NA
"LogNormalize","merged",20,0.25,"7",1558,FALSE,0.179028294201505,0.890097406977301,0.186030123390852,NA,NA
"LogNormalize","merged",20,0.25,"8",1529,FALSE,0.179028294201505,0.890097406977301,0.231282419597433,NA,NA
"LogNormalize","merged",20,0.25,"9",1092,FALSE,0.179028294201505,0.890097406977301,0.252897344992751,NA,NA
"LogNormalize","merged",20,0.25,"10",1069,FALSE,0.179028294201505,0.890097406977301,-0.139941818966914,NA,NA
"LogNormalize","merged",20,0.25,"11",645,FALSE,0.179028294201505,0.890097406977301,0.277619674197799,NA,NA
"LogNormalize","merged",20,0.25,"12",628,FALSE,0.179028294201505,0.890097406977301,0.162181281823093,NA,NA
"LogNormalize","merged",20,0.25,"13",363,FALSE,0.179028294201505,0.890097406977301,0.380748146756558,NA,NA
"LogNormalize","merged",20,0.25,"14",305,FALSE,0.179028294201505,0.890097406977301,-0.0683946040764991,NA,NA
"LogNormalize","merged",20,0.3,"0",5476,FALSE,0.190738593749361,0.890097406977301,NA,NA,NA
"LogNormalize","merged",20,0.3,"1",5203,FALSE,0.190738593749361,0.890097406977301,0.196679318763522,NA,NA
"LogNormalize","merged",20,0.3,"2",5003,FALSE,0.190738593749361,0.890097406977301,0.0833715580880421,NA,NA
"LogNormalize","merged",20,0.3,"3",4843,FALSE,0.190738593749361,0.890097406977301,0.225435276227671,NA,NA
"LogNormalize","merged",20,0.3,"4",3678,FALSE,0.190738593749361,0.890097406977301,0.282887382645649,NA,NA
"LogNormalize","merged",20,0.3,"5",3151,FALSE,0.190738593749361,0.890097406977301,0.228144739823019,NA,NA
"LogNormalize","merged",20,0.3,"6",1934,FALSE,0.190738593749361,0.890097406977301,0.181761294011771,NA,NA
"LogNormalize","merged",20,0.3,"7",1606,FALSE,0.190738593749361,0.890097406977301,0.158639139006894,NA,NA
"LogNormalize","merged",20,0.3,"8",1548,FALSE,0.190738593749361,0.890097406977301,0.233516432520532,NA,NA
"LogNormalize","merged",20,0.3,"9",1421,FALSE,0.190738593749361,0.890097406977301,0.229139288009111,NA,NA
"LogNormalize","merged",20,0.3,"10",1098,FALSE,0.190738593749361,0.890097406977301,0.170958531519068,NA,NA
"LogNormalize","merged",20,0.3,"11",1042,FALSE,0.190738593749361,0.890097406977301,0.252569826209882,NA,NA
"LogNormalize","merged",20,0.3,"12",626,FALSE,0.190738593749361,0.890097406977301,-0.131619656871285,NA,NA
"LogNormalize","merged",20,0.3,"13",602,FALSE,0.190738593749361,0.890097406977301,0.166400120586887,NA,NA
"LogNormalize","merged",20,0.3,"14",380,FALSE,0.190738593749361,0.890097406977301,0.386673018272709,NA,NA
"LogNormalize","merged",20,0.3,"15",305,FALSE,0.190738593749361,0.890097406977301,-0.0867698773549538,NA,NA
"LogNormalize","merged",20,0.5,"0",5319,FALSE,0.175865264811389,0.890097406977301,NA,NA,NA
"LogNormalize","merged",20,0.5,"1",4592,FALSE,0.175865264811389,0.890097406977301,0.16830045552592,NA,NA
"LogNormalize","merged",20,0.5,"2",3988,FALSE,0.175865264811389,0.890097406977301,0.252381654326867,NA,NA
"LogNormalize","merged",20,0.5,"3",3848,FALSE,0.175865264811389,0.890097406977301,0.150302938558909,NA,NA
"LogNormalize","merged",20,0.5,"4",3716,FALSE,0.175865264811389,0.890097406977301,0.321994374006849,NA,NA
"LogNormalize","merged",20,0.5,"5",2835,FALSE,0.175865264811389,0.890097406977301,0.180521483132233,NA,NA
"LogNormalize","merged",20,0.5,"6",1942,FALSE,0.175865264811389,0.890097406977301,0.08407234633911,NA,NA
"LogNormalize","merged",20,0.5,"7",1594,FALSE,0.175865264811389,0.890097406977301,0.1292491786349,NA,NA
"LogNormalize","merged",20,0.5,"8",1591,FALSE,0.175865264811389,0.890097406977301,0.209456605711204,NA,NA
"LogNormalize","merged",20,0.5,"9",1403,FALSE,0.175865264811389,0.890097406977301,0.204758930874793,NA,NA
"LogNormalize","merged",20,0.5,"10",1206,FALSE,0.175865264811389,0.890097406977301,0.165471049764491,NA,NA
"LogNormalize","merged",20,0.5,"11",1084,FALSE,0.175865264811389,0.890097406977301,-0.00362343027203394,NA,NA
"LogNormalize","merged",20,0.5,"12",1061,FALSE,0.175865264811389,0.890097406977301,-0.149439677622292,NA,NA
"LogNormalize","merged",20,0.5,"13",1009,FALSE,0.175865264811389,0.890097406977301,0.290410899714882,NA,NA
"LogNormalize","merged",20,0.5,"14",714,FALSE,0.175865264811389,0.890097406977301,0.138142349428686,NA,NA
"LogNormalize","merged",20,0.5,"15",630,FALSE,0.175865264811389,0.890097406977301,0.125317202978474,NA,NA
"LogNormalize","merged",20,0.5,"16",446,FALSE,0.175865264811389,0.890097406977301,0.345999377663216,NA,NA
"LogNormalize","merged",20,0.5,"17",385,FALSE,0.175865264811389,0.890097406977301,0.120654559456837,NA,NA
"LogNormalize","merged",20,0.5,"18",305,FALSE,0.175865264811389,0.890097406977301,-0.100131432544383,NA,NA
"LogNormalize","merged",20,0.5,"19",248,FALSE,0.175865264811389,0.890097406977301,0.27066264962261,NA,NA
"LogNormalize","merged",20,0.75,"0",4829,FALSE,0.175370895902729,0.890097406977301,NA,NA,NA
"LogNormalize","merged",20,0.75,"1",4143,FALSE,0.175370895902729,0.890097406977301,0.205715550444646,NA,NA
"LogNormalize","merged",20,0.75,"2",3969,FALSE,0.175370895902729,0.890097406977301,0.242321270248483,NA,NA
"LogNormalize","merged",20,0.75,"3",3811,FALSE,0.175370895902729,0.890097406977301,0.134767987424293,NA,NA
"LogNormalize","merged",20,0.75,"4",3666,FALSE,0.175370895902729,0.890097406977301,0.336112551776715,NA,NA
"LogNormalize","merged",20,0.75,"5",2838,FALSE,0.175370895902729,0.890097406977301,0.184943375173886,NA,NA
"LogNormalize","merged",20,0.75,"6",1964,FALSE,0.175370895902729,0.890097406977301,0.0837475550938297,NA,NA
"LogNormalize","merged",20,0.75,"7",1591,FALSE,0.175370895902729,0.890097406977301,0.127036667743944,NA,NA
"LogNormalize","merged",20,0.75,"8",1583,FALSE,0.175370895902729,0.890097406977301,0.210921473080984,NA,NA
"LogNormalize","merged",20,0.75,"9",1401,FALSE,0.175370895902729,0.890097406977301,0.203607486486869,NA,NA
"LogNormalize","merged",20,0.75,"10",1213,FALSE,0.175370895902729,0.890097406977301,0.165115481975126,NA,NA
"LogNormalize","merged",20,0.75,"11",1096,FALSE,0.175370895902729,0.890097406977301,-0.00928236998941269,NA,NA
"LogNormalize","merged",20,0.75,"12",1039,FALSE,0.175370895902729,0.890097406977301,-0.156539874241645,NA,NA
"LogNormalize","merged",20,0.75,"13",1031,FALSE,0.175370895902729,0.890097406977301,0.298276504407929,NA,NA
"LogNormalize","merged",20,0.75,"14",913,FALSE,0.175370895902729,0.890097406977301,0.132257511779096,NA,NA
"LogNormalize","merged",20,0.75,"15",715,FALSE,0.175370895902729,0.890097406977301,0.0777641601403106,NA,NA
"LogNormalize","merged",20,0.75,"16",631,FALSE,0.175370895902729,0.890097406977301,0.122878994888525,NA,NA
"LogNormalize","merged",20,0.75,"17",543,FALSE,0.175370895902729,0.890097406977301,0.343695368471536,NA,NA
"LogNormalize","merged",20,0.75,"18",386,FALSE,0.175370895902729,0.890097406977301,0.0912045961776289,NA,NA
"LogNormalize","merged",20,0.75,"19",249,FALSE,0.175370895902729,0.890097406977301,-0.104868527952532,NA,NA
"LogNormalize","merged",20,0.75,"20",226,FALSE,0.175370895902729,0.890097406977301,0.147232039115351,NA,NA
"LogNormalize","merged",20,0.75,"21",79,TRUE,0.175370895902729,0.890097406977301,0.308277449562896,NA,NA
"LogNormalize","merged",25,0.25,"0",5397,FALSE,0.159923329518767,0.949626937133309,NA,NA,NA
"LogNormalize","merged",25,0.25,"1",5262,FALSE,0.159923329518767,0.949626937133309,0.157180476911506,NA,NA
"LogNormalize","merged",25,0.25,"2",5202,FALSE,0.159923329518767,0.949626937133309,0.250077991657828,NA,NA
"LogNormalize","merged",25,0.25,"3",4617,FALSE,0.159923329518767,0.949626937133309,0.0734392017605236,NA,NA
"LogNormalize","merged",25,0.25,"4",3593,FALSE,0.159923329518767,0.949626937133309,0.260334417905453,NA,NA
"LogNormalize","merged",25,0.25,"5",3484,FALSE,0.159923329518767,0.949626937133309,0.209624400732088,NA,NA
"LogNormalize","merged",25,0.25,"6",3120,FALSE,0.159923329518767,0.949626937133309,-0.0323716188374211,NA,NA
"LogNormalize","merged",25,0.25,"7",1634,FALSE,0.159923329518767,0.949626937133309,0.160306807106951,NA,NA
"LogNormalize","merged",25,0.25,"8",1584,FALSE,0.159923329518767,0.949626937133309,0.207702493626753,NA,NA
"LogNormalize","merged",25,0.25,"9",1082,FALSE,0.159923329518767,0.949626937133309,0.189952003675947,NA,NA
"LogNormalize","merged",25,0.25,"10",1068,FALSE,0.159923329518767,0.949626937133309,-0.133878236811609,NA,NA
"LogNormalize","merged",25,0.25,"11",618,FALSE,0.159923329518767,0.949626937133309,0.270489532810098,NA,NA
"LogNormalize","merged",25,0.25,"12",613,FALSE,0.159923329518767,0.949626937133309,0.145525171008271,NA,NA
"LogNormalize","merged",25,0.25,"13",337,FALSE,0.159923329518767,0.949626937133309,0.373636529944363,NA,NA
"LogNormalize","merged",25,0.25,"14",305,FALSE,0.159923329518767,0.949626937133309,-0.0352827630102735,NA,NA
"LogNormalize","merged",25,0.3,"0",5414,FALSE,0.172182070560295,0.949626937133309,NA,NA,NA
"LogNormalize","merged",25,0.3,"1",5188,FALSE,0.172182070560295,0.949626937133309,0.156483151597954,NA,NA
"LogNormalize","merged",25,0.3,"2",4657,FALSE,0.172182070560295,0.949626937133309,0.0736875537436578,NA,NA
"LogNormalize","merged",25,0.3,"3",4251,FALSE,0.172182070560295,0.949626937133309,0.249639972014554,NA,NA
"LogNormalize","merged",25,0.3,"4",3601,FALSE,0.172182070560295,0.949626937133309,0.313103197603902,NA,NA
"LogNormalize","merged",25,0.3,"5",3114,FALSE,0.172182070560295,0.949626937133309,0.18641033908535,NA,NA
"LogNormalize","merged",25,0.3,"6",2042,FALSE,0.172182070560295,0.949626937133309,0.15286131493504,NA,NA
"LogNormalize","merged",25,0.3,"7",1613,FALSE,0.172182070560295,0.949626937133309,0.0700537785625708,NA,NA
"LogNormalize","merged",25,0.3,"8",1556,FALSE,0.172182070560295,0.949626937133309,0.187771744699676,NA,NA
"LogNormalize","merged",25,0.3,"9",1400,FALSE,0.172182070560295,0.949626937133309,0.199827398271752,NA,NA
"LogNormalize","merged",25,0.3,"10",1081,FALSE,0.172182070560295,0.949626937133309,0.157734016387433,NA,NA
"LogNormalize","merged",25,0.3,"11",1044,FALSE,0.172182070560295,0.949626937133309,-0.137242023409158,NA,NA
"LogNormalize","merged",25,0.3,"12",1014,FALSE,0.172182070560295,0.949626937133309,0.296839279848142,NA,NA
"LogNormalize","merged",25,0.3,"13",699,FALSE,0.172182070560295,0.949626937133309,0.143976615441656,NA,NA
"LogNormalize","merged",25,0.3,"14",603,FALSE,0.172182070560295,0.949626937133309,0.117894895889037,NA,NA
"LogNormalize","merged",25,0.3,"15",334,FALSE,0.172182070560295,0.949626937133309,0.363307223475306,NA,NA
"LogNormalize","merged",25,0.3,"16",305,FALSE,0.172182070560295,0.949626937133309,-0.0344467787533933,NA,NA
"LogNormalize","merged",25,0.5,"0",4689,FALSE,0.165329016169888,0.949626937133309,NA,NA,NA
"LogNormalize","merged",25,0.5,"1",4639,FALSE,0.165329016169888,0.949626937133309,0.228189043729278,NA,NA
"LogNormalize","merged",25,0.5,"2",4229,FALSE,0.165329016169888,0.949626937133309,0.19477926533768,NA,NA
"LogNormalize","merged",25,0.5,"3",4033,FALSE,0.165329016169888,0.949626937133309,0.315127308536648,NA,NA
"LogNormalize","merged",25,0.5,"4",3590,FALSE,0.165329016169888,0.949626937133309,0.111962796109574,NA,NA
"LogNormalize","merged",25,0.5,"5",2886,FALSE,0.165329016169888,0.949626937133309,0.177882049639321,NA,NA
"LogNormalize","merged",25,0.5,"6",2047,FALSE,0.165329016169888,0.949626937133309,0.0567056341023116,NA,NA
"LogNormalize","merged",25,0.5,"7",1636,FALSE,0.165329016169888,0.949626937133309,0.0721982417322477,NA,NA
"LogNormalize","merged",25,0.5,"8",1559,FALSE,0.165329016169888,0.949626937133309,0.185861360786925,NA,NA
"LogNormalize","merged",25,0.5,"9",1431,FALSE,0.165329016169888,0.949626937133309,0.194296162557771,NA,NA
"LogNormalize","merged",25,0.5,"10",1178,FALSE,0.165329016169888,0.949626937133309,0.143831687040096,NA,NA
"LogNormalize","merged",25,0.5,"11",1082,FALSE,0.165329016169888,0.949626937133309,0.000419802781069289,NA,NA
"LogNormalize","merged",25,0.5,"12",1068,FALSE,0.165329016169888,0.949626937133309,0.255060378366485,NA,NA
"LogNormalize","merged",25,0.5,"13",1017,FALSE,0.165329016169888,0.949626937133309,-0.141080911267058,NA,NA
"LogNormalize","merged",25,0.5,"14",699,FALSE,0.165329016169888,0.949626937133309,0.142864707205302,NA,NA
"LogNormalize","merged",25,0.5,"15",641,FALSE,0.165329016169888,0.949626937133309,0.129092660138409,NA,NA
"LogNormalize","merged",25,0.5,"16",625,FALSE,0.165329016169888,0.949626937133309,0.116798827027965,NA,NA
"LogNormalize","merged",25,0.5,"17",334,FALSE,0.165329016169888,0.949626937133309,0.333989709799924,NA,NA
"LogNormalize","merged",25,0.5,"18",305,FALSE,0.165329016169888,0.949626937133309,-0.0381932803709803,NA,NA
"LogNormalize","merged",25,0.5,"19",228,FALSE,0.165329016169888,0.949626937133309,0.27179384035177,NA,NA
"LogNormalize","merged",25,0.75,"0",4640,FALSE,0.158040479827852,0.949626937133309,NA,NA,NA
"LogNormalize","merged",25,0.75,"1",4389,FALSE,0.158040479827852,0.949626937133309,0.194309857522391,NA,NA
"LogNormalize","merged",25,0.75,"2",4003,FALSE,0.158040479827852,0.949626937133309,0.20987955709305,NA,NA
"LogNormalize","merged",25,0.75,"3",3826,FALSE,0.158040479827852,0.949626937133309,0.112748952600145,NA,NA
"LogNormalize","merged",25,0.75,"4",3380,FALSE,0.158040479827852,0.949626937133309,0.290147861769186,NA,NA
"LogNormalize","merged",25,0.75,"5",2747,FALSE,0.158040479827852,0.949626937133309,0.181572049128789,NA,NA
"LogNormalize","merged",25,0.75,"6",2008,FALSE,0.158040479827852,0.949626937133309,0.0882233259614678,NA,NA
"LogNormalize","merged",25,0.75,"7",1609,FALSE,0.158040479827852,0.949626937133309,0.0998072647061517,NA,NA
"LogNormalize","merged",25,0.75,"8",1563,FALSE,0.158040479827852,0.949626937133309,0.18157232568814,NA,NA
"LogNormalize","merged",25,0.75,"9",1402,FALSE,0.158040479827852,0.949626937133309,0.187350012599823,NA,NA
"LogNormalize","merged",25,0.75,"10",1180,FALSE,0.158040479827852,0.949626937133309,0.144457410855532,NA,NA
"LogNormalize","merged",25,0.75,"11",1088,FALSE,0.158040479827852,0.949626937133309,-0.00314092807446055,NA,NA
"LogNormalize","merged",25,0.75,"12",1044,FALSE,0.158040479827852,0.949626937133309,-0.146407682824602,NA,NA
"LogNormalize","merged",25,0.75,"13",1020,FALSE,0.158040479827852,0.949626937133309,0.278334155028059,NA,NA
"LogNormalize","merged",25,0.75,"14",947,FALSE,0.158040479827852,0.949626937133309,0.127174731845936,NA,NA
"LogNormalize","merged",25,0.75,"15",866,FALSE,0.158040479827852,0.949626937133309,0.0828748002127504,NA,NA
"LogNormalize","merged",25,0.75,"16",625,FALSE,0.158040479827852,0.949626937133309,-0.00802557343416134,NA,NA
"LogNormalize","merged",25,0.75,"17",516,FALSE,0.158040479827852,0.949626937133309,0.322336293638516,NA,NA
"LogNormalize","merged",25,0.75,"18",337,FALSE,0.158040479827852,0.949626937133309,0.104497158077991,NA,NA
"LogNormalize","merged",25,0.75,"19",234,FALSE,0.158040479827852,0.949626937133309,-0.0455078769218465,NA,NA
"LogNormalize","merged",25,0.75,"20",226,FALSE,0.158040479827852,0.949626937133309,0.127959734932631,NA,NA
"LogNormalize","merged",25,0.75,"21",187,FALSE,0.158040479827852,0.949626937133309,0.302002269597608,NA,NA
"LogNormalize","merged",25,0.75,"22",79,TRUE,0.158040479827852,0.949626937133309,0.371964179291077,NA,NA
"LogNormalize","merged",30,0.25,"0",5484,FALSE,0.143279042450655,1,NA,NA,NA
"LogNormalize","merged",30,0.25,"1",5292,FALSE,0.143279042450655,1,0.142929998368447,NA,NA
"LogNormalize","merged",30,0.25,"2",5269,FALSE,0.143279042450655,1,0.229167702126581,NA,NA
"LogNormalize","merged",30,0.25,"3",4585,FALSE,0.143279042450655,1,0.0606926487128182,NA,NA
"LogNormalize","merged",30,0.25,"4",3580,FALSE,0.143279042450655,1,0.244423012690149,NA,NA
"LogNormalize","merged",30,0.25,"5",3491,FALSE,0.143279042450655,1,0.181702754160805,NA,NA
"LogNormalize","merged",30,0.25,"6",3102,FALSE,0.143279042450655,1,-0.033956593751545,NA,NA
"LogNormalize","merged",30,0.25,"7",1606,FALSE,0.143279042450655,1,0.108339741135977,NA,NA
"LogNormalize","merged",30,0.25,"8",1569,FALSE,0.143279042450655,1,0.197002041775943,NA,NA
"LogNormalize","merged",30,0.25,"9",1080,FALSE,0.143279042450655,1,0.184626714370211,NA,NA
"LogNormalize","merged",30,0.25,"10",950,FALSE,0.143279042450655,1,0.252047760492098,NA,NA
"LogNormalize","merged",30,0.25,"11",643,FALSE,0.143279042450655,1,-0.112506816464178,NA,NA
"LogNormalize","merged",30,0.25,"12",623,FALSE,0.143279042450655,1,0.123493701653934,NA,NA
"LogNormalize","merged",30,0.25,"13",336,FALSE,0.143279042450655,1,0.344090550912704,NA,NA
"LogNormalize","merged",30,0.25,"14",306,FALSE,0.143279042450655,1,-0.0308870370721359,NA,NA
"LogNormalize","merged",30,0.3,"0",5466,FALSE,0.153509496997204,1,NA,NA,NA
"LogNormalize","merged",30,0.3,"1",5265,FALSE,0.153509496997204,1,0.142188307436128,NA,NA
"LogNormalize","merged",30,0.3,"2",5232,FALSE,0.153509496997204,1,0.224893520342975,NA,NA
"LogNormalize","merged",30,0.3,"3",4569,FALSE,0.153509496997204,1,0.0618128888191479,NA,NA
"LogNormalize","merged",30,0.3,"4",3628,FALSE,0.153509496997204,1,0.246226629437518,NA,NA
"LogNormalize","merged",30,0.3,"5",3102,FALSE,0.153509496997204,1,0.174199930505626,NA,NA
"LogNormalize","merged",30,0.3,"6",2081,FALSE,0.153509496997204,1,0.108203711162767,NA,NA
"LogNormalize","merged",30,0.3,"7",1574,FALSE,0.153509496997204,1,0.0811330321801108,NA,NA
"LogNormalize","merged",30,0.3,"8",1570,FALSE,0.153509496997204,1,0.201290220404177,NA,NA
"LogNormalize","merged",30,0.3,"9",1407,FALSE,0.153509496997204,1,0.181641175836384,NA,NA
"LogNormalize","merged",30,0.3,"10",1084,FALSE,0.153509496997204,1,0.141918131949294,NA,NA
"LogNormalize","merged",30,0.3,"11",1044,FALSE,0.153509496997204,1,0.243542412141542,NA,NA
"LogNormalize","merged",30,0.3,"12",629,FALSE,0.153509496997204,1,-0.132398144362644,NA,NA
"LogNormalize","merged",30,0.3,"13",623,FALSE,0.153509496997204,1,0.132558948989109,NA,NA
"LogNormalize","merged",30,0.3,"14",336,FALSE,0.153509496997204,1,0.323582337812167,NA,NA
"LogNormalize","merged",30,0.3,"15",306,FALSE,0.153509496997204,1,-0.0320487206136581,NA,NA
"LogNormalize","merged",30,0.5,"0",4705,FALSE,0.153048230145716,1,NA,NA,NA
"LogNormalize","merged",30,0.5,"1",4565,FALSE,0.153048230145716,1,0.176172289945304,NA,NA
"LogNormalize","merged",30,0.5,"2",4244,FALSE,0.153048230145716,1,0.222455485497843,NA,NA
"LogNormalize","merged",30,0.5,"3",4015,FALSE,0.153048230145716,1,0.284707802509961,NA,NA
"LogNormalize","merged",30,0.5,"4",3690,FALSE,0.153048230145716,1,0.0967868288485753,NA,NA
"LogNormalize","merged",30,0.5,"5",2963,FALSE,0.153048230145716,1,0.144089446554626,NA,NA
"LogNormalize","merged",30,0.5,"6",1995,FALSE,0.153048230145716,1,0.128900724821089,NA,NA
"LogNormalize","merged",30,0.5,"7",1609,FALSE,0.153048230145716,1,0.0675843960984731,NA,NA
"LogNormalize","merged",30,0.5,"8",1593,FALSE,0.153048230145716,1,0.174889475188276,NA,NA
"LogNormalize","merged",30,0.5,"9",1412,FALSE,0.153048230145716,1,0.167065209784084,NA,NA
"LogNormalize","merged",30,0.5,"10",1174,FALSE,0.153048230145716,1,0.133365675620353,NA,NA
"LogNormalize","merged",30,0.5,"11",1087,FALSE,0.153048230145716,1,-0.00175278409454975,NA,NA
"LogNormalize","merged",30,0.5,"12",1069,FALSE,0.153048230145716,1,0.239563312553836,NA,NA
"LogNormalize","merged",30,0.5,"13",1025,FALSE,0.153048230145716,1,-0.144919862062115,NA,NA
"LogNormalize","merged",30,0.5,"14",786,FALSE,0.153048230145716,1,0.128141845488446,NA,NA
"LogNormalize","merged",30,0.5,"15",736,FALSE,0.153048230145716,1,-0.00215870175699158,NA,NA
"LogNormalize","merged",30,0.5,"16",605,FALSE,0.153048230145716,1,0.105131693558776,NA,NA
"LogNormalize","merged",30,0.5,"17",337,FALSE,0.153048230145716,1,0.343833647695903,NA,NA
"LogNormalize","merged",30,0.5,"18",306,FALSE,0.153048230145716,1,-0.0386527239569677,NA,NA
"LogNormalize","merged",30,0.75,"0",4685,FALSE,0.140347860052609,1,NA,NA,NA
"LogNormalize","merged",30,0.75,"1",4280,FALSE,0.140347860052609,1,0.176996295822599,NA,NA
"LogNormalize","merged",30,0.75,"2",4008,FALSE,0.140347860052609,1,0.204220573682089,NA,NA
"LogNormalize","merged",30,0.75,"3",3811,FALSE,0.140347860052609,1,0.0968477957099673,NA,NA
"LogNormalize","merged",30,0.75,"4",3442,FALSE,0.140347860052609,1,0.268233991004343,NA,NA
"LogNormalize","merged",30,0.75,"5",2742,FALSE,0.140347860052609,1,0.150114476163251,NA,NA
"LogNormalize","merged",30,0.75,"6",2036,FALSE,0.140347860052609,1,0.0450825875763278,NA,NA
"LogNormalize","merged",30,0.75,"7",1611,FALSE,0.140347860052609,1,0.0900696385798476,NA,NA
"LogNormalize","merged",30,0.75,"8",1567,FALSE,0.140347860052609,1,0.166879739204186,NA,NA
"LogNormalize","merged",30,0.75,"9",1391,FALSE,0.140347860052609,1,0.173088408569912,NA,NA
"LogNormalize","merged",30,0.75,"10",1182,FALSE,0.140347860052609,1,0.131135896417317,NA,NA
"LogNormalize","merged",30,0.75,"11",1091,FALSE,0.140347860052609,1,-0.00490526927643058,NA,NA
"LogNormalize","merged",30,0.75,"12",1046,FALSE,0.140347860052609,1,-0.148444968294364,NA,NA
"LogNormalize","merged",30,0.75,"13",1040,FALSE,0.140347860052609,1,0.263626332682141,NA,NA
"LogNormalize","merged",30,0.75,"14",1031,FALSE,0.140347860052609,1,0.0580804339316648,NA,NA
"LogNormalize","merged",30,0.75,"15",829,FALSE,0.140347860052609,1,0.109918054551685,NA,NA
"LogNormalize","merged",30,0.75,"16",624,FALSE,0.140347860052609,1,-0.00208516553689749,NA,NA
"LogNormalize","merged",30,0.75,"17",448,FALSE,0.140347860052609,1,0.307955557665652,NA,NA
"LogNormalize","merged",30,0.75,"18",338,FALSE,0.140347860052609,1,0.0978783976702581,NA,NA
"LogNormalize","merged",30,0.75,"19",308,FALSE,0.140347860052609,1,-0.0428320627813858,NA,NA
"LogNormalize","merged",30,0.75,"20",215,FALSE,0.140347860052609,1,0.221105831347495,NA,NA
"LogNormalize","merged",30,0.75,"21",191,FALSE,0.140347860052609,1,0.113627208469149,NA,NA
