"method","animal","dims","resolution","cluster","cell_count","silhouette_score","is_small_cluster","average_silhouette_score"
"SCT","merged",10,0.25,0,13275,NA,FALSE,0.23496778337239
"SCT","merged",10,0.25,1,7003,0.274283345908558,FALSE,0.23496778337239
"SCT","merged",10,0.25,2,5124,0.267533104493664,FALSE,0.23496778337239
"SCT","merged",10,0.25,3,3774,0.0513487623586829,FALSE,0.23496778337239
"SCT","merged",10,0.25,4,3414,0.228850196634051,FALSE,0.23496778337239
"SCT","merged",10,0.25,5,3081,0.176120893330374,FALSE,0.23496778337239
"SCT","merged",10,0.25,6,1300,0.312542973904378,FALSE,0.23496778337239
"SCT","merged",10,0.25,7,523,0.455130436199139,FALSE,0.23496778337239
"SCT","merged",10,0.25,8,422,0.312730881992738,FALSE,0.23496778337239
"SCT","merged",10,0.3,0,11718,NA,FALSE,0.228403186850224
"SCT","merged",10,0.3,1,6859,0.328947687965343,FALSE,0.228403186850224
"SCT","merged",10,0.3,2,5318,0.271916267285506,FALSE,0.228403186850224
"SCT","merged",10,0.3,3,3847,0.0385187357628288,FALSE,0.228403186850224
"SCT","merged",10,0.3,4,3157,0.215411637304717,FALSE,0.228403186850224
"SCT","merged",10,0.3,5,2389,0.280811916031684,FALSE,0.228403186850224
"SCT","merged",10,0.3,6,2322,-0.0517220418233498,FALSE,0.228403186850224
"SCT","merged",10,0.3,7,1295,0.199515223922994,FALSE,0.228403186850224
"SCT","merged",10,0.3,8,592,0.458487279050394,FALSE,0.228403186850224
"SCT","merged",10,0.3,9,419,0.233489671714231,FALSE,0.228403186850224
"SCT","merged",10,0.5,0,6118,NA,FALSE,0.172012558259589
"SCT","merged",10,0.5,1,6048,0.109430703905454,FALSE,0.172012558259589
"SCT","merged",10,0.5,2,4951,0.239307842608304,FALSE,0.172012558259589
"SCT","merged",10,0.5,3,3774,0.258357123858472,FALSE,0.172012558259589
"SCT","merged",10,0.5,4,3161,0.129221192725101,FALSE,0.172012558259589
"SCT","merged",10,0.5,5,2706,0.263287422511101,FALSE,0.172012558259589
"SCT","merged",10,0.5,6,2483,0.0558573206424392,FALSE,0.172012558259589
"SCT","merged",10,0.5,7,1849,0.0306772467262289,FALSE,0.172012558259589
"SCT","merged",10,0.5,8,1481,0.223666456528136,FALSE,0.172012558259589
"SCT","merged",10,0.5,9,1462,-0.0630659132412642,FALSE,0.172012558259589
"SCT","merged",10,0.5,10,1301,0.207320316865275,FALSE,0.172012558259589
"SCT","merged",10,0.5,11,1215,0.393467744958942,FALSE,0.172012558259589
"SCT","merged",10,0.5,12,945,-0.00891326961043514,FALSE,0.172012558259589
"SCT","merged",10,0.5,13,243,0.388275604290267,FALSE,0.172012558259589
"SCT","merged",10,0.5,14,179,0.119336806326894,FALSE,0.172012558259589
"SCT","merged",10,0.75,0,5633,NA,FALSE,0.167149412158599
"SCT","merged",10,0.75,1,4392,0.181103527123791,FALSE,0.167149412158599
"SCT","merged",10,0.75,2,4146,0.364770823427774,FALSE,0.167149412158599
"SCT","merged",10,0.75,3,3966,0.217624209405581,FALSE,0.167149412158599
"SCT","merged",10,0.75,4,3230,0.115502284666149,FALSE,0.167149412158599
"SCT","merged",10,0.75,5,2810,0.0318720467332964,FALSE,0.167149412158599
"SCT","merged",10,0.75,6,2765,0.201542725281015,FALSE,0.167149412158599
"SCT","merged",10,0.75,7,2468,0.149573400792027,FALSE,0.167149412158599
"SCT","merged",10,0.75,8,1980,0.0329090354780353,FALSE,0.167149412158599
"SCT","merged",10,0.75,9,1504,0.0188531995909347,FALSE,0.167149412158599
"SCT","merged",10,0.75,10,1366,-0.111539599364465,FALSE,0.167149412158599
"SCT","merged",10,0.75,11,1291,0.238786749232488,FALSE,0.167149412158599
"SCT","merged",10,0.75,12,980,0.403739155076253,FALSE,0.167149412158599
"SCT","merged",10,0.75,13,824,0.356649655619569,FALSE,0.167149412158599
"SCT","merged",10,0.75,14,243,0.0149766259338906,FALSE,0.167149412158599
"SCT","merged",10,0.75,15,183,0.119513491329579,FALSE,0.167149412158599
"SCT","merged",10,0.75,16,135,0.327273311053813,FALSE,0.167149412158599
"SCT","merged",15,0.25,0,13260,NA,FALSE,0.211724117509996
"SCT","merged",15,0.25,1,6294,0.217153670186687,FALSE,0.211724117509996
"SCT","merged",15,0.25,2,3867,0.237003873135448,FALSE,0.211724117509996
"SCT","merged",15,0.25,3,3508,0.214805621892947,FALSE,0.211724117509996
"SCT","merged",15,0.25,4,3369,0.139831955549642,FALSE,0.211724117509996
"SCT","merged",15,0.25,5,3018,0.0804113447061526,FALSE,0.211724117509996
"SCT","merged",15,0.25,6,2310,0.296623307584164,FALSE,0.211724117509996
"SCT","merged",15,0.25,7,1293,0.155493392310842,FALSE,0.211724117509996
"SCT","merged",15,0.25,8,576,0.422725501078688,FALSE,0.211724117509996
"SCT","merged",15,0.25,9,238,0.187391845423463,FALSE,0.211724117509996
"SCT","merged",15,0.25,10,183,0.160987521610696,FALSE,0.211724117509996
"SCT","merged",15,0.3,0,12318,NA,FALSE,0.193491075810081
"SCT","merged",15,0.3,1,4531,0.216722065061876,FALSE,0.193491075810081
"SCT","merged",15,0.3,2,3896,0.321912871125162,FALSE,0.193491075810081
"SCT","merged",15,0.3,3,3443,0.144868329091169,FALSE,0.193491075810081
"SCT","merged",15,0.3,4,3053,0.0434073204772275,FALSE,0.193491075810081
"SCT","merged",15,0.3,5,2318,0.268288542000504,FALSE,0.193491075810081
"SCT","merged",15,0.3,6,2290,0.128696567694106,FALSE,0.193491075810081
"SCT","merged",15,0.3,7,2026,0.143531565448415,FALSE,0.193491075810081
"SCT","merged",15,0.3,8,1674,-0.0491098964307319,FALSE,0.193491075810081
"SCT","merged",15,0.3,9,1293,0.222868580163094,FALSE,0.193491075810081
"SCT","merged",15,0.3,10,653,0.410094095453334,FALSE,0.193491075810081
"SCT","merged",15,0.3,11,238,0.141130970376723,FALSE,0.193491075810081
"SCT","merged",15,0.3,12,183,0.152205343062581,FALSE,0.193491075810081
"SCT","merged",15,0.5,0,8487,NA,FALSE,0.14812416079195
"SCT","merged",15,0.5,1,3919,0.0879103668099693,FALSE,0.14812416079195
"SCT","merged",15,0.5,2,3909,0.15066945968309,FALSE,0.14812416079195
"SCT","merged",15,0.5,3,3280,0.366876532926317,FALSE,0.14812416079195
"SCT","merged",15,0.5,4,3163,0.06672561107285,FALSE,0.14812416079195
"SCT","merged",15,0.5,5,3107,0.0934821462546318,FALSE,0.14812416079195
"SCT","merged",15,0.5,6,2491,0.254616889501514,FALSE,0.14812416079195
"SCT","merged",15,0.5,7,2443,0.0831489899302024,FALSE,0.14812416079195
"SCT","merged",15,0.5,8,2435,-0.106790225699225,FALSE,0.14812416079195
"SCT","merged",15,0.5,9,2275,0.140299467950079,FALSE,0.14812416079195
"SCT","merged",15,0.5,10,1295,0.225670553155036,FALSE,0.14812416079195
"SCT","merged",15,0.5,11,649,0.408691621978686,FALSE,0.14812416079195
"SCT","merged",15,0.5,12,238,0.116259872722411,FALSE,0.14812416079195
"SCT","merged",15,0.5,13,225,0.150300543025402,FALSE,0.14812416079195
"SCT","merged",15,0.75,0,5030,NA,FALSE,0.155575557424759
"SCT","merged",15,0.75,1,4008,0.170225335039584,FALSE,0.155575557424759
"SCT","merged",15,0.75,2,3966,0.375599677457275,FALSE,0.155575557424759
"SCT","merged",15,0.75,3,3256,0.142316093653719,FALSE,0.155575557424759
"SCT","merged",15,0.75,4,3088,0.0704718222998385,FALSE,0.155575557424759
"SCT","merged",15,0.75,5,2958,0.263187772655693,FALSE,0.155575557424759
"SCT","merged",15,0.75,6,2739,0.00251338771985311,FALSE,0.155575557424759
"SCT","merged",15,0.75,7,2290,0.0676731858376159,FALSE,0.155575557424759
"SCT","merged",15,0.75,8,2198,0.0890125057836776,FALSE,0.155575557424759
"SCT","merged",15,0.75,9,1833,0.215557362877017,FALSE,0.155575557424759
"SCT","merged",15,0.75,10,1596,0.0723173680211306,FALSE,0.155575557424759
"SCT","merged",15,0.75,11,1355,0.138278290945068,FALSE,0.155575557424759
"SCT","merged",15,0.75,12,1293,0.0450957565132795,FALSE,0.155575557424759
"SCT","merged",15,0.75,13,1243,0.366110233840771,FALSE,0.155575557424759
"SCT","merged",15,0.75,14,464,-0.112347877584981,FALSE,0.155575557424759
"SCT","merged",15,0.75,15,238,0.311214034467712,FALSE,0.155575557424759
"SCT","merged",15,0.75,16,225,0.14760722999294,FALSE,0.155575557424759
"SCT","merged",15,0.75,17,136,0.427827359016849,FALSE,0.155575557424759
"SCT","merged",20,0.25,0,12743,NA,FALSE,0.145596487314991
"SCT","merged",20,0.25,1,5572,0.0892365498760452,FALSE,0.145596487314991
"SCT","merged",20,0.25,2,4118,0.188808837861992,FALSE,0.145596487314991
"SCT","merged",20,0.25,3,3839,0.0209410440222642,FALSE,0.145596487314991
"SCT","merged",20,0.25,4,3489,0.17281307096911,FALSE,0.145596487314991
"SCT","merged",20,0.25,5,2991,0.0810734552130678,FALSE,0.145596487314991
"SCT","merged",20,0.25,6,1684,0.26046396867758,FALSE,0.145596487314991
"SCT","merged",20,0.25,7,1273,0.221787700740737,FALSE,0.145596487314991
"SCT","merged",20,0.25,8,659,0.408650018207217,FALSE,0.145596487314991
"SCT","merged",20,0.25,9,567,0.269782459428122,FALSE,0.145596487314991
"SCT","merged",20,0.25,10,564,0.375621826586263,FALSE,0.145596487314991
"SCT","merged",20,0.25,11,233,0.145200688346262,FALSE,0.145596487314991
"SCT","merged",20,0.25,12,184,0.168510122093933,FALSE,0.145596487314991
"SCT","merged",20,0.3,0,9411,NA,FALSE,0.159237715417209
"SCT","merged",20,0.3,1,3881,0.138390318501202,FALSE,0.159237715417209
"SCT","merged",20,0.3,2,3827,0.356421505162556,FALSE,0.159237715417209
"SCT","merged",20,0.3,3,3060,0.158563434645948,FALSE,0.159237715417209
"SCT","merged",20,0.3,4,2942,0.236634728717887,FALSE,0.159237715417209
"SCT","merged",20,0.3,5,2883,0.0330941872465991,FALSE,0.159237715417209
"SCT","merged",20,0.3,6,2610,0.0807935888460743,FALSE,0.159237715417209
"SCT","merged",20,0.3,7,2304,0.106652423845288,FALSE,0.159237715417209
"SCT","merged",20,0.3,8,2262,0.0943506477772215,FALSE,0.159237715417209
"SCT","merged",20,0.3,9,2074,0.159808581061991,FALSE,0.159237715417209
"SCT","merged",20,0.3,10,1273,-0.055221295318127,FALSE,0.159237715417209
"SCT","merged",20,0.3,11,569,0.408697109985216,FALSE,0.159237715417209
"SCT","merged",20,0.3,12,402,0.365426061327466,FALSE,0.159237715417209
"SCT","merged",20,0.3,13,234,0.171423467183789,FALSE,0.159237715417209
"SCT","merged",20,0.3,14,184,0.157797184665144,FALSE,0.159237715417209
"SCT","merged",20,0.5,0,7857,NA,FALSE,0.154380121313271
"SCT","merged",20,0.5,1,3849,0.135591307162444,FALSE,0.154380121313271
"SCT","merged",20,0.5,2,3832,0.354998507156925,FALSE,0.154380121313271
"SCT","merged",20,0.5,3,3510,0.161121395810398,FALSE,0.154380121313271
"SCT","merged",20,0.5,4,2991,0.0455610498359785,FALSE,0.154380121313271
"SCT","merged",20,0.5,5,2912,0.265811382050593,FALSE,0.154380121313271
"SCT","merged",20,0.5,6,2858,0.0572159525488997,FALSE,0.154380121313271
"SCT","merged",20,0.5,7,2318,0.0437251369589706,FALSE,0.154380121313271
"SCT","merged",20,0.5,8,2295,0.166009050497653,FALSE,0.154380121313271
"SCT","merged",20,0.5,9,2190,0.0948779939805412,FALSE,0.154380121313271
"SCT","merged",20,0.5,10,1273,-0.0727549556812963,FALSE,0.154380121313271
"SCT","merged",20,0.5,11,682,0.408253807014213,FALSE,0.154380121313271
"SCT","merged",20,0.5,12,567,0.208457997218327,FALSE,0.154380121313271
"SCT","merged",20,0.5,13,402,0.367109216609022,FALSE,0.154380121313271
"SCT","merged",20,0.5,14,196,0.169017421853625,FALSE,0.154380121313271
"SCT","merged",20,0.5,15,184,0.318536392614008,FALSE,0.154380121313271
"SCT","merged",20,0.75,0,4705,NA,FALSE,0.15743867319878
"SCT","merged",20,0.75,1,3985,0.166808515805012,FALSE,0.15743867319878
"SCT","merged",20,0.75,2,3883,0.140724357745626,FALSE,0.15743867319878
"SCT","merged",20,0.75,3,3327,0.36045138447206,FALSE,0.15743867319878
"SCT","merged",20,0.75,4,2996,0.0558968774899119,FALSE,0.15743867319878
"SCT","merged",20,0.75,5,2907,0.0562486257127996,FALSE,0.15743867319878
"SCT","merged",20,0.75,6,2347,0.259610019855885,FALSE,0.15743867319878
"SCT","merged",20,0.75,7,2298,0.164794200395854,FALSE,0.15743867319878
"SCT","merged",20,0.75,8,2249,0.0533034782520026,FALSE,0.15743867319878
"SCT","merged",20,0.75,9,1829,0.144209831702974,FALSE,0.15743867319878
"SCT","merged",20,0.75,10,1280,0.0855485222162179,FALSE,0.15743867319878
"SCT","merged",20,0.75,11,1159,0.386966968013694,FALSE,0.15743867319878
"SCT","merged",20,0.75,12,1126,0.019181479299108,FALSE,0.15743867319878
"SCT","merged",20,0.75,13,997,0.0311810137022636,FALSE,0.15743867319878
"SCT","merged",20,0.75,14,735,-0.0269412784521764,FALSE,0.15743867319878
"SCT","merged",20,0.75,15,707,0.156863095438596,FALSE,0.15743867319878
"SCT","merged",20,0.75,16,567,0.142084030043927,FALSE,0.15743867319878
"SCT","merged",20,0.75,17,402,0.331662864375943,FALSE,0.15743867319878
"SCT","merged",20,0.75,18,233,0.111284557650375,FALSE,0.15743867319878
"SCT","merged",20,0.75,19,184,0.157429178277605,FALSE,0.15743867319878
"SCT","merged",25,0.25,0,10837,NA,FALSE,0.141901631391588
"SCT","merged",25,0.25,1,5810,0.111497976320943,FALSE,0.141901631391588
"SCT","merged",25,0.25,2,4100,0.174234375374438,FALSE,0.141901631391588
"SCT","merged",25,0.25,3,3849,0.0237047952724543,FALSE,0.141901631391588
"SCT","merged",25,0.25,4,3603,0.16665622602906,FALSE,0.141901631391588
"SCT","merged",25,0.25,5,3001,0.0638901054652564,FALSE,0.141901631391588
"SCT","merged",25,0.25,6,2252,0.222168763409877,FALSE,0.141901631391588
"SCT","merged",25,0.25,7,1838,0.124389914956007,FALSE,0.141901631391588
"SCT","merged",25,0.25,8,1271,0.16948976259091,FALSE,0.141901631391588
"SCT","merged",25,0.25,9,573,0.384637664636738,FALSE,0.141901631391588
"SCT","merged",25,0.25,10,403,0.357165179529312,FALSE,0.141901631391588
"SCT","merged",25,0.25,11,196,0.16163157159146,FALSE,0.141901631391588
"SCT","merged",25,0.25,12,183,0.319594272036197,FALSE,0.141901631391588
"SCT","merged",25,0.3,0,9164,NA,FALSE,0.131452238150336
"SCT","merged",25,0.3,1,4842,0.0837902818842879,FALSE,0.131452238150336
"SCT","merged",25,0.3,2,4096,0.186866917301139,FALSE,0.131452238150336
"SCT","merged",25,0.3,3,3968,0.0191742275698192,FALSE,0.131452238150336
"SCT","merged",25,0.3,4,3115,0.162699377959632,FALSE,0.131452238150336
"SCT","merged",25,0.3,5,2997,0.0580086094125689,FALSE,0.131452238150336
"SCT","merged",25,0.3,6,2257,0.224836400736843,FALSE,0.131452238150336
"SCT","merged",25,0.3,7,2030,0.156334109388638,FALSE,0.131452238150336
"SCT","merged",25,0.3,8,1942,0.213652686018875,FALSE,0.131452238150336
"SCT","merged",25,0.3,9,1267,-0.0589129585938464,FALSE,0.131452238150336
"SCT","merged",25,0.3,10,685,0.385930619900454,FALSE,0.131452238150336
"SCT","merged",25,0.3,11,602,0.213857609937828,FALSE,0.131452238150336
"SCT","merged",25,0.3,12,573,0.0763766495553228,FALSE,0.131452238150336
"SCT","merged",25,0.3,13,196,0.35839769377898,FALSE,0.131452238150336
"SCT","merged",25,0.3,14,182,0.318064378353509,FALSE,0.131452238150336
"SCT","merged",25,0.5,0,8755,NA,FALSE,0.143942438194575
"SCT","merged",25,0.5,1,3863,0.0900884692170638,FALSE,0.143942438194575
"SCT","merged",25,0.5,2,3781,0.143442688850107,FALSE,0.143942438194575
"SCT","merged",25,0.5,3,3011,0.335065258244358,FALSE,0.143942438194575
"SCT","merged",25,0.5,4,2850,0.216869910624455,FALSE,0.143942438194575
"SCT","merged",25,0.5,5,2290,0.0404727152310203,FALSE,0.143942438194575
"SCT","merged",25,0.5,6,2267,0.150375494804105,FALSE,0.143942438194575
"SCT","merged",25,0.5,7,2048,0.0777182413978157,FALSE,0.143942438194575
"SCT","merged",25,0.5,8,1950,0.205991572597422,FALSE,0.143942438194575
"SCT","merged",25,0.5,9,1814,-0.0595346095825531,FALSE,0.143942438194575
"SCT","merged",25,0.5,10,1268,0.10790722355128,FALSE,0.143942438194575
"SCT","merged",25,0.5,11,1080,0.375849227484133,FALSE,0.143942438194575
"SCT","merged",25,0.5,12,846,0.0465008140930563,FALSE,0.143942438194575
"SCT","merged",25,0.5,13,700,0.00709009434495629,FALSE,0.143942438194575
"SCT","merged",25,0.5,14,572,0.199850843356975,FALSE,0.143942438194575
"SCT","merged",25,0.5,15,406,0.322293688744516,FALSE,0.143942438194575
"SCT","merged",25,0.5,16,232,0.126578192452596,FALSE,0.143942438194575
"SCT","merged",25,0.5,17,183,0.164188906338017,FALSE,0.143942438194575
"SCT","merged",25,0.75,0,4647,NA,FALSE,0.139650989274812
"SCT","merged",25,0.75,1,3931,0.180488182132679,FALSE,0.139650989274812
"SCT","merged",25,0.75,2,3759,0.114836441466921,FALSE,0.139650989274812
"SCT","merged",25,0.75,3,3115,0.291735834404777,FALSE,0.139650989274812
"SCT","merged",25,0.75,4,3007,0.0574496764752404,FALSE,0.139650989274812
"SCT","merged",25,0.75,5,2285,0.213596691636452,FALSE,0.139650989274812
"SCT","merged",25,0.75,6,2255,0.127820062629739,FALSE,0.139650989274812
"SCT","merged",25,0.75,7,2212,0.0656672683700871,FALSE,0.139650989274812
"SCT","merged",25,0.75,8,1873,0.152584342377034,FALSE,0.139650989274812
"SCT","merged",25,0.75,9,1841,-0.0175256959640441,FALSE,0.139650989274812
"SCT","merged",25,0.75,10,1730,0.101532310529247,FALSE,0.139650989274812
"SCT","merged",25,0.75,11,1572,0.118817535393947,FALSE,0.139650989274812
"SCT","merged",25,0.75,12,1272,-0.0462611714191865,FALSE,0.139650989274812
"SCT","merged",25,0.75,13,1173,0.36298117896048,FALSE,0.139650989274812
"SCT","merged",25,0.75,14,1084,0.0126460418526499,FALSE,0.139650989274812
"SCT","merged",25,0.75,15,760,0.0426281652218572,FALSE,0.139650989274812
"SCT","merged",25,0.75,16,573,0.144410843771534,FALSE,0.139650989274812
"SCT","merged",25,0.75,17,406,0.319878707165446,FALSE,0.139650989274812
"SCT","merged",25,0.75,18,224,0.129740318544248,FALSE,0.139650989274812
"SCT","merged",25,0.75,19,197,0.418591509484894,FALSE,0.139650989274812
"SCT","merged",30,0.25,0,10046,NA,FALSE,0.121847792229138
"SCT","merged",30,0.25,1,4951,0.0490120418673469,FALSE,0.121847792229138
"SCT","merged",30,0.25,2,4090,0.181397653617533,FALSE,0.121847792229138
"SCT","merged",30,0.25,3,3968,0.0125629345025993,FALSE,0.121847792229138
"SCT","merged",30,0.25,4,3474,0.14385876090099,FALSE,0.121847792229138
"SCT","merged",30,0.25,5,2986,0.0827093746206031,FALSE,0.121847792229138
"SCT","merged",30,0.25,6,2798,0.199476114177814,FALSE,0.121847792229138
"SCT","merged",30,0.25,7,2055,0.0859606323972388,FALSE,0.121847792229138
"SCT","merged",30,0.25,8,1269,0.216356989820472,FALSE,0.121847792229138
"SCT","merged",30,0.25,9,730,0.369709312826276,FALSE,0.121847792229138
"SCT","merged",30,0.25,10,600,0.214950780274266,FALSE,0.121847792229138
"SCT","merged",30,0.25,11,572,0.0732961459999991,FALSE,0.121847792229138
"SCT","merged",30,0.25,12,195,0.346498566735426,FALSE,0.121847792229138
"SCT","merged",30,0.25,13,182,0.315157271946459,FALSE,0.121847792229138
"SCT","merged",30,0.3,0,10021,NA,FALSE,0.128650833235789
"SCT","merged",30,0.3,1,4875,0.102958094464958,FALSE,0.128650833235789
"SCT","merged",30,0.3,2,4102,0.167592891213841,FALSE,0.128650833235789
"SCT","merged",30,0.3,3,3826,0.0145079950457103,FALSE,0.128650833235789
"SCT","merged",30,0.3,4,3518,0.159455682346901,FALSE,0.128650833235789
"SCT","merged",30,0.3,5,2985,0.0831082388423716,FALSE,0.128650833235789
"SCT","merged",30,0.3,6,2867,0.199274731011725,FALSE,0.128650833235789
"SCT","merged",30,0.3,7,2365,0.078440596224128,FALSE,0.128650833235789
"SCT","merged",30,0.3,8,1269,0.0834582809857811,FALSE,0.128650833235789
"SCT","merged",30,0.3,9,729,0.368693166955863,FALSE,0.128650833235789
"SCT","merged",30,0.3,10,572,0.210567246016304,FALSE,0.128650833235789
"SCT","merged",30,0.3,11,410,0.34623379670028,FALSE,0.128650833235789
"SCT","merged",30,0.3,12,195,0.145528533461289,FALSE,0.128650833235789
"SCT","merged",30,0.3,13,182,0.315854720347777,FALSE,0.128650833235789
"SCT","merged",30,0.5,0,7778,NA,FALSE,0.130455498702583
"SCT","merged",30,0.5,1,4011,0.0961114221404611,FALSE,0.130455498702583
"SCT","merged",30,0.5,2,3748,0.116589229626146,FALSE,0.130455498702583
"SCT","merged",30,0.5,3,3248,0.332292860691496,FALSE,0.130455498702583
"SCT","merged",30,0.5,4,2986,0.0165941062729772,FALSE,0.130455498702583
"SCT","merged",30,0.5,5,2256,0.193851883586671,FALSE,0.130455498702583
"SCT","merged",30,0.5,6,2254,0.147493118063869,FALSE,0.130455498702583
"SCT","merged",30,0.5,7,2236,0.0555880206620017,FALSE,0.130455498702583
"SCT","merged",30,0.5,8,2194,0.183613035479186,FALSE,0.130455498702583
"SCT","merged",30,0.5,9,1855,-0.103232618102526,FALSE,0.130455498702583
"SCT","merged",30,0.5,10,1270,0.0956002423262954,FALSE,0.130455498702583
"SCT","merged",30,0.5,11,1042,0.35721778443096,FALSE,0.130455498702583
"SCT","merged",30,0.5,12,944,0.0522022309467768,FALSE,0.130455498702583
"SCT","merged",30,0.5,13,734,6.75233127556952e-07,FALSE,0.130455498702583
"SCT","merged",30,0.5,14,571,0.178785033479421,FALSE,0.130455498702583
"SCT","merged",30,0.5,15,411,0.312273511711644,FALSE,0.130455498702583
"SCT","merged",30,0.5,16,196,0.114363031102509,FALSE,0.130455498702583
"SCT","merged",30,0.5,17,182,0.304748130329425,FALSE,0.130455498702583
"SCT","merged",30,0.75,0,4927,NA,FALSE,0.132373382995067
"SCT","merged",30,0.75,1,4016,0.14632040451938,FALSE,0.132373382995067
"SCT","merged",30,0.75,2,3749,0.107235291026926,FALSE,0.132373382995067
"SCT","merged",30,0.75,3,3321,0.335423577364405,FALSE,0.132373382995067
"SCT","merged",30,0.75,4,2992,0.000791139798396047,FALSE,0.132373382995067
"SCT","merged",30,0.75,5,2977,0.0632290818578404,FALSE,0.132373382995067
"SCT","merged",30,0.75,6,2353,0.195181143408749,FALSE,0.132373382995067
"SCT","merged",30,0.75,7,2321,0.100209332829002,FALSE,0.132373382995067
"SCT","merged",30,0.75,8,2252,0.121646973690753,FALSE,0.132373382995067
"SCT","merged",30,0.75,9,1858,0.0456872895248578,FALSE,0.132373382995067
"SCT","merged",30,0.75,10,1270,0.094791909838265,FALSE,0.132373382995067
"SCT","merged",30,0.75,11,1166,0.348866153331655,FALSE,0.132373382995067
"SCT","merged",30,0.75,12,1045,0.00384580779446336,FALSE,0.132373382995067
"SCT","merged",30,0.75,13,912,0.0516701649401798,FALSE,0.132373382995067
"SCT","merged",30,0.75,14,754,-0.0376305384944343,FALSE,0.132373382995067
"SCT","merged",30,0.75,15,642,0.127064998359963,FALSE,0.132373382995067
"SCT","merged",30,0.75,16,572,0.150563271088584,FALSE,0.132373382995067
"SCT","merged",30,0.75,17,411,0.311432270615514,FALSE,0.132373382995067
"SCT","merged",30,0.75,18,196,0.0818106747954709,FALSE,0.132373382995067
"SCT","merged",30,0.75,19,182,0.302920280713819,FALSE,0.132373382995067
"LogNormalize","merged",10,0.25,0,10215,NA,FALSE,0.246719026095621
"LogNormalize","merged",10,0.25,1,4694,0.235458845637514,FALSE,0.246719026095621
"LogNormalize","merged",10,0.25,2,3677,0.442404494382778,FALSE,0.246719026095621
"LogNormalize","merged",10,0.25,3,3599,0.444970765269131,FALSE,0.246719026095621
"LogNormalize","merged",10,0.25,4,3219,0.227456692800702,FALSE,0.246719026095621
"LogNormalize","merged",10,0.25,5,2809,0.225397624527806,FALSE,0.246719026095621
"LogNormalize","merged",10,0.25,6,2359,0.0907841607935793,FALSE,0.246719026095621
"LogNormalize","merged",10,0.25,7,1720,0.25294207240922,FALSE,0.246719026095621
"LogNormalize","merged",10,0.25,8,1695,0.198014234438401,FALSE,0.246719026095621
"LogNormalize","merged",10,0.25,9,1550,0.221303476675183,FALSE,0.246719026095621
"LogNormalize","merged",10,0.25,10,989,0.0182766081804217,FALSE,0.246719026095621
"LogNormalize","merged",10,0.25,11,615,-0.0455945470304249,FALSE,0.246719026095621
"LogNormalize","merged",10,0.25,12,469,0.208124832984535,FALSE,0.246719026095621
"LogNormalize","merged",10,0.25,13,306,-0.181108142279474,FALSE,0.246719026095621
"LogNormalize","merged",10,0.3,0,8838,NA,FALSE,0.244899489890387
"LogNormalize","merged",10,0.3,1,4906,0.262667916097633,FALSE,0.244899489890387
"LogNormalize","merged",10,0.3,2,4605,0.360451434734328,FALSE,0.244899489890387
"LogNormalize","merged",10,0.3,3,3555,0.457401578651485,FALSE,0.244899489890387
"LogNormalize","merged",10,0.3,4,3202,0.235024448093387,FALSE,0.244899489890387
"LogNormalize","merged",10,0.3,5,2962,0.229175505442744,FALSE,0.244899489890387
"LogNormalize","merged",10,0.3,6,2458,0.0793999291248347,FALSE,0.244899489890387
"LogNormalize","merged",10,0.3,7,1729,0.198499491920576,FALSE,0.244899489890387
"LogNormalize","merged",10,0.3,8,1603,0.18794397390569,FALSE,0.244899489890387
"LogNormalize","merged",10,0.3,9,1537,0.265117846880971,FALSE,0.244899489890387
"LogNormalize","merged",10,0.3,10,1120,0.0117740478626693,FALSE,0.244899489890387
"LogNormalize","merged",10,0.3,11,615,-0.0910853129560849,FALSE,0.244899489890387
"LogNormalize","merged",10,0.3,12,480,0.198758897740265,FALSE,0.244899489890387
"LogNormalize","merged",10,0.3,13,306,-0.189633717509212,FALSE,0.244899489890387
"LogNormalize","merged",10,0.5,0,5268,NA,FALSE,0.212388413661969
"LogNormalize","merged",10,0.5,1,4834,0.175617520021684,FALSE,0.212388413661969
"LogNormalize","merged",10,0.5,2,4650,0.341658436833191,FALSE,0.212388413661969
"LogNormalize","merged",10,0.5,3,3618,0.45472198566661,FALSE,0.212388413661969
"LogNormalize","merged",10,0.5,4,3569,0.102053231188093,FALSE,0.212388413661969
"LogNormalize","merged",10,0.5,5,3248,0.233909724804768,FALSE,0.212388413661969
"LogNormalize","merged",10,0.5,6,2829,0.213564161832627,FALSE,0.212388413661969
"LogNormalize","merged",10,0.5,7,2471,0.0988229633155644,FALSE,0.212388413661969
"LogNormalize","merged",10,0.5,8,1742,0.194486492647813,FALSE,0.212388413661969
"LogNormalize","merged",10,0.5,9,1607,0.183776447948499,FALSE,0.212388413661969
"LogNormalize","merged",10,0.5,10,1523,0.26500308474234,FALSE,0.212388413661969
"LogNormalize","merged",10,0.5,11,1132,-0.0275777791751181,FALSE,0.212388413661969
"LogNormalize","merged",10,0.5,12,637,-0.104491610707795,FALSE,0.212388413661969
"LogNormalize","merged",10,0.5,13,482,0.178641486828533,FALSE,0.212388413661969
"LogNormalize","merged",10,0.5,14,306,-0.197617500289432,FALSE,0.212388413661969
"LogNormalize","merged",10,0.75,0,4534,NA,FALSE,0.191074466482329
"LogNormalize","merged",10,0.75,1,4165,0.460578247974252,FALSE,0.191074466482329
"LogNormalize","merged",10,0.75,2,3672,0.28808432943014,FALSE,0.191074466482329
"LogNormalize","merged",10,0.75,3,3579,0.028844698482119,FALSE,0.191074466482329
"LogNormalize","merged",10,0.75,4,3543,0.234802524178665,FALSE,0.191074466482329
"LogNormalize","merged",10,0.75,5,2998,0.22939397518056,FALSE,0.191074466482329
"LogNormalize","merged",10,0.75,6,2969,0.0967602295505782,FALSE,0.191074466482329
"LogNormalize","merged",10,0.75,7,2359,0.0686453727095238,FALSE,0.191074466482329
"LogNormalize","merged",10,0.75,8,2345,0.254436633816283,FALSE,0.191074466482329
"LogNormalize","merged",10,0.75,9,1667,0.191495140220179,FALSE,0.191074466482329
"LogNormalize","merged",10,0.75,10,1642,0.199556495189551,FALSE,0.191074466482329
"LogNormalize","merged",10,0.75,11,1568,0.244803182027572,FALSE,0.191074466482329
"LogNormalize","merged",10,0.75,12,1133,-0.0490131990298671,FALSE,0.191074466482329
"LogNormalize","merged",10,0.75,13,753,-0.120563461149161,FALSE,0.191074466482329
"LogNormalize","merged",10,0.75,14,480,0.100295946642111,FALSE,0.191074466482329
"LogNormalize","merged",10,0.75,15,306,-0.208155586534273,FALSE,0.191074466482329
"LogNormalize","merged",10,0.75,16,203,0.323010259188048,FALSE,0.191074466482329
"LogNormalize","merged",15,0.25,0,7007,NA,FALSE,0.205967726299479
"LogNormalize","merged",15,0.25,1,5556,0.204835064803264,FALSE,0.205967726299479
"LogNormalize","merged",15,0.25,2,5317,0.0714255662923635,FALSE,0.205967726299479
"LogNormalize","merged",15,0.25,3,4567,0.23979968128508,FALSE,0.205967726299479
"LogNormalize","merged",15,0.25,4,3779,0.331899001773534,FALSE,0.205967726299479
"LogNormalize","merged",15,0.25,5,3101,0.259299083557955,FALSE,0.205967726299479
"LogNormalize","merged",15,0.25,6,2495,0.258022102436817,FALSE,0.205967726299479
"LogNormalize","merged",15,0.25,7,1563,0.0994625885051284,FALSE,0.205967726299479
"LogNormalize","merged",15,0.25,8,1562,0.280960752416104,FALSE,0.205967726299479
"LogNormalize","merged",15,0.25,9,1002,0.244952368501832,FALSE,0.205967726299479
"LogNormalize","merged",15,0.25,10,638,-0.0688445008236058,FALSE,0.205967726299479
"LogNormalize","merged",15,0.25,11,591,0.181404520528227,FALSE,0.205967726299479
"LogNormalize","merged",15,0.25,12,434,0.438676484712066,FALSE,0.205967726299479
"LogNormalize","merged",15,0.25,13,304,-0.145337514500913,FALSE,0.205967726299479
"LogNormalize","merged",15,0.3,0,5232,NA,FALSE,0.211179512427683
"LogNormalize","merged",15,0.3,1,4457,0.216243462624712,FALSE,0.211179512427683
"LogNormalize","merged",15,0.3,2,4183,0.327063586351422,FALSE,0.211179512427683
"LogNormalize","merged",15,0.3,3,4047,0.158369243648801,FALSE,0.211179512427683
"LogNormalize","merged",15,0.3,4,3816,0.405900380007426,FALSE,0.211179512427683
"LogNormalize","merged",15,0.3,5,3194,0.203040912083262,FALSE,0.211179512427683
"LogNormalize","merged",15,0.3,6,2963,0.214418624021523,FALSE,0.211179512427683
"LogNormalize","merged",15,0.3,7,1621,0.0526174391016025,FALSE,0.211179512427683
"LogNormalize","merged",15,0.3,8,1562,0.21123152378112,FALSE,0.211179512427683
"LogNormalize","merged",15,0.3,9,1444,0.233702076320779,FALSE,0.211179512427683
"LogNormalize","merged",15,0.3,10,1338,0.163897887532657,FALSE,0.211179512427683
"LogNormalize","merged",15,0.3,11,1039,-0.021531059553731,FALSE,0.211179512427683
"LogNormalize","merged",15,0.3,12,1002,0.287277607735975,FALSE,0.211179512427683
"LogNormalize","merged",15,0.3,13,690,-0.0750870615059103,FALSE,0.211179512427683
"LogNormalize","merged",15,0.3,14,590,0.124448990863779,FALSE,0.211179512427683
"LogNormalize","merged",15,0.3,15,434,0.417496686007659,FALSE,0.211179512427683
"LogNormalize","merged",15,0.3,16,304,-0.151136523398346,FALSE,0.211179512427683
"LogNormalize","merged",15,0.5,0,5326,NA,FALSE,0.19835514490862
"LogNormalize","merged",15,0.5,1,4167,0.207890748851964,FALSE,0.19835514490862
"LogNormalize","merged",15,0.5,2,4160,0.157923533532217,FALSE,0.19835514490862
"LogNormalize","merged",15,0.5,3,3989,0.349981801395499,FALSE,0.19835514490862
"LogNormalize","merged",15,0.5,4,3834,0.404836499747114,FALSE,0.19835514490862
"LogNormalize","merged",15,0.5,5,3149,0.190635430067473,FALSE,0.19835514490862
"LogNormalize","merged",15,0.5,6,2960,0.0447081969714604,FALSE,0.19835514490862
"LogNormalize","merged",15,0.5,7,1572,0.0974513236870425,FALSE,0.19835514490862
"LogNormalize","merged",15,0.5,8,1562,0.237873749102189,FALSE,0.19835514490862
"LogNormalize","merged",15,0.5,9,1437,0.232583740842608,FALSE,0.19835514490862
"LogNormalize","merged",15,0.5,10,1359,0.168019176534715,FALSE,0.19835514490862
"LogNormalize","merged",15,0.5,11,1156,-0.0215037883633216,FALSE,0.19835514490862
"LogNormalize","merged",15,0.5,12,1020,0.197485730407259,FALSE,0.19835514490862
"LogNormalize","merged",15,0.5,13,643,-0.08181617673712,FALSE,0.19835514490862
"LogNormalize","merged",15,0.5,14,592,0.175624349683113,FALSE,0.19835514490862
"LogNormalize","merged",15,0.5,15,436,0.414608817281536,FALSE,0.19835514490862
"LogNormalize","merged",15,0.5,16,304,-0.153700783074557,FALSE,0.19835514490862
"LogNormalize","merged",15,0.5,17,250,0.302849461595696,FALSE,0.19835514490862
"LogNormalize","merged",15,0.75,0,5292,NA,FALSE,0.201807905292425
"LogNormalize","merged",15,0.75,1,4352,0.211531997379564,FALSE,0.201807905292425
"LogNormalize","merged",15,0.75,2,4168,0.337315125088447,FALSE,0.201807905292425
"LogNormalize","merged",15,0.75,3,4050,0.159432739759186,FALSE,0.201807905292425
"LogNormalize","merged",15,0.75,4,3863,0.404573591625013,FALSE,0.201807905292425
"LogNormalize","merged",15,0.75,5,2930,0.202194023987703,FALSE,0.201807905292425
"LogNormalize","merged",15,0.75,6,2897,0.0638208752439064,FALSE,0.201807905292425
"LogNormalize","merged",15,0.75,7,1572,0.109748457778525,FALSE,0.201807905292425
"LogNormalize","merged",15,0.75,8,1568,0.237683853982348,FALSE,0.201807905292425
"LogNormalize","merged",15,0.75,9,1416,0.23053669639511,FALSE,0.201807905292425
"LogNormalize","merged",15,0.75,10,1406,-0.0333811815653219,FALSE,0.201807905292425
"LogNormalize","merged",15,0.75,11,1169,0.15344074969432,FALSE,0.201807905292425
"LogNormalize","merged",15,0.75,12,986,0.194047346063315,FALSE,0.201807905292425
"LogNormalize","merged",15,0.75,13,648,-0.077924032252792,FALSE,0.201807905292425
"LogNormalize","merged",15,0.75,14,614,0.172739614215762,FALSE,0.201807905292425
"LogNormalize","merged",15,0.75,15,424,0.382857641207349,FALSE,0.201807905292425
"LogNormalize","merged",15,0.75,16,308,-0.144390228143816,FALSE,0.201807905292425
"LogNormalize","merged",15,0.75,17,253,0.289340065525775,FALSE,0.201807905292425
"LogNormalize","merged",20,0.25,0,5325,NA,FALSE,0.179028294201505
"LogNormalize","merged",20,0.25,1,5190,0.201072852414719,FALSE,0.179028294201505
"LogNormalize","merged",20,0.25,2,5015,0.0837884948008378,FALSE,0.179028294201505
"LogNormalize","merged",20,0.25,3,4885,0.233796062311451,FALSE,0.179028294201505
"LogNormalize","merged",20,0.25,4,3790,0.29639016208962,FALSE,0.179028294201505
"LogNormalize","merged",20,0.25,5,3380,0.214189063096692,FALSE,0.179028294201505
"LogNormalize","merged",20,0.25,6,3142,-0.00949659004542011,FALSE,0.179028294201505
"LogNormalize","merged",20,0.25,7,1558,0.186030123390852,FALSE,0.179028294201505
"LogNormalize","merged",20,0.25,8,1529,0.231282419597433,FALSE,0.179028294201505
"LogNormalize","merged",20,0.25,9,1092,0.252897344992751,FALSE,0.179028294201505
"LogNormalize","merged",20,0.25,10,1069,-0.139941818966914,FALSE,0.179028294201505
"LogNormalize","merged",20,0.25,11,645,0.277619674197799,FALSE,0.179028294201505
"LogNormalize","merged",20,0.25,12,628,0.162181281823093,FALSE,0.179028294201505
"LogNormalize","merged",20,0.25,13,363,0.380748146756558,FALSE,0.179028294201505
"LogNormalize","merged",20,0.25,14,305,-0.0683946040764991,FALSE,0.179028294201505
"LogNormalize","merged",20,0.3,0,5476,NA,FALSE,0.190738593749361
"LogNormalize","merged",20,0.3,1,5203,0.196679318763522,FALSE,0.190738593749361
"LogNormalize","merged",20,0.3,2,5003,0.0833715580880421,FALSE,0.190738593749361
"LogNormalize","merged",20,0.3,3,4843,0.225435276227671,FALSE,0.190738593749361
"LogNormalize","merged",20,0.3,4,3678,0.282887382645649,FALSE,0.190738593749361
"LogNormalize","merged",20,0.3,5,3151,0.228144739823019,FALSE,0.190738593749361
"LogNormalize","merged",20,0.3,6,1934,0.181761294011771,FALSE,0.190738593749361
"LogNormalize","merged",20,0.3,7,1606,0.158639139006894,FALSE,0.190738593749361
"LogNormalize","merged",20,0.3,8,1548,0.233516432520532,FALSE,0.190738593749361
"LogNormalize","merged",20,0.3,9,1421,0.229139288009111,FALSE,0.190738593749361
"LogNormalize","merged",20,0.3,10,1098,0.170958531519068,FALSE,0.190738593749361
"LogNormalize","merged",20,0.3,11,1042,0.252569826209882,FALSE,0.190738593749361
"LogNormalize","merged",20,0.3,12,626,-0.131619656871285,FALSE,0.190738593749361
"LogNormalize","merged",20,0.3,13,602,0.166400120586887,FALSE,0.190738593749361
"LogNormalize","merged",20,0.3,14,380,0.386673018272709,FALSE,0.190738593749361
"LogNormalize","merged",20,0.3,15,305,-0.0867698773549538,FALSE,0.190738593749361
"LogNormalize","merged",20,0.5,0,5319,NA,FALSE,0.175865264811389
"LogNormalize","merged",20,0.5,1,4592,0.16830045552592,FALSE,0.175865264811389
"LogNormalize","merged",20,0.5,2,3988,0.252381654326867,FALSE,0.175865264811389
"LogNormalize","merged",20,0.5,3,3848,0.150302938558909,FALSE,0.175865264811389
"LogNormalize","merged",20,0.5,4,3716,0.321994374006849,FALSE,0.175865264811389
"LogNormalize","merged",20,0.5,5,2835,0.180521483132233,FALSE,0.175865264811389
"LogNormalize","merged",20,0.5,6,1942,0.08407234633911,FALSE,0.175865264811389
"LogNormalize","merged",20,0.5,7,1594,0.1292491786349,FALSE,0.175865264811389
"LogNormalize","merged",20,0.5,8,1591,0.209456605711204,FALSE,0.175865264811389
"LogNormalize","merged",20,0.5,9,1403,0.204758930874793,FALSE,0.175865264811389
"LogNormalize","merged",20,0.5,10,1206,0.165471049764491,FALSE,0.175865264811389
"LogNormalize","merged",20,0.5,11,1084,-0.00362343027203394,FALSE,0.175865264811389
"LogNormalize","merged",20,0.5,12,1061,-0.149439677622292,FALSE,0.175865264811389
"LogNormalize","merged",20,0.5,13,1009,0.290410899714882,FALSE,0.175865264811389
"LogNormalize","merged",20,0.5,14,714,0.138142349428686,FALSE,0.175865264811389
"LogNormalize","merged",20,0.5,15,630,0.125317202978474,FALSE,0.175865264811389
"LogNormalize","merged",20,0.5,16,446,0.345999377663216,FALSE,0.175865264811389
"LogNormalize","merged",20,0.5,17,385,0.120654559456837,FALSE,0.175865264811389
"LogNormalize","merged",20,0.5,18,305,-0.100131432544383,FALSE,0.175865264811389
"LogNormalize","merged",20,0.5,19,248,0.27066264962261,FALSE,0.175865264811389
"LogNormalize","merged",20,0.75,0,4829,NA,FALSE,0.175370895902729
"LogNormalize","merged",20,0.75,1,4143,0.205715550444646,FALSE,0.175370895902729
"LogNormalize","merged",20,0.75,2,3969,0.242321270248483,FALSE,0.175370895902729
"LogNormalize","merged",20,0.75,3,3811,0.134767987424293,FALSE,0.175370895902729
"LogNormalize","merged",20,0.75,4,3666,0.336112551776715,FALSE,0.175370895902729
"LogNormalize","merged",20,0.75,5,2838,0.184943375173886,FALSE,0.175370895902729
"LogNormalize","merged",20,0.75,6,1964,0.0837475550938297,FALSE,0.175370895902729
"LogNormalize","merged",20,0.75,7,1591,0.127036667743944,FALSE,0.175370895902729
"LogNormalize","merged",20,0.75,8,1583,0.210921473080984,FALSE,0.175370895902729
"LogNormalize","merged",20,0.75,9,1401,0.203607486486869,FALSE,0.175370895902729
"LogNormalize","merged",20,0.75,10,1213,0.165115481975126,FALSE,0.175370895902729
"LogNormalize","merged",20,0.75,11,1096,-0.00928236998941269,FALSE,0.175370895902729
"LogNormalize","merged",20,0.75,12,1039,-0.156539874241645,FALSE,0.175370895902729
"LogNormalize","merged",20,0.75,13,1031,0.298276504407929,FALSE,0.175370895902729
"LogNormalize","merged",20,0.75,14,913,0.132257511779096,FALSE,0.175370895902729
"LogNormalize","merged",20,0.75,15,715,0.0777641601403106,FALSE,0.175370895902729
"LogNormalize","merged",20,0.75,16,631,0.122878994888525,FALSE,0.175370895902729
"LogNormalize","merged",20,0.75,17,543,0.343695368471536,FALSE,0.175370895902729
"LogNormalize","merged",20,0.75,18,386,0.0912045961776289,FALSE,0.175370895902729
"LogNormalize","merged",20,0.75,19,249,-0.104868527952532,FALSE,0.175370895902729
"LogNormalize","merged",20,0.75,20,226,0.147232039115351,FALSE,0.175370895902729
"LogNormalize","merged",20,0.75,21,79,0.308277449562896,TRUE,0.175370895902729
"LogNormalize","merged",25,0.25,0,5397,NA,FALSE,0.159923329518767
"LogNormalize","merged",25,0.25,1,5262,0.157180476911506,FALSE,0.159923329518767
"LogNormalize","merged",25,0.25,2,5202,0.250077991657828,FALSE,0.159923329518767
"LogNormalize","merged",25,0.25,3,4617,0.0734392017605236,FALSE,0.159923329518767
"LogNormalize","merged",25,0.25,4,3593,0.260334417905453,FALSE,0.159923329518767
"LogNormalize","merged",25,0.25,5,3484,0.209624400732088,FALSE,0.159923329518767
"LogNormalize","merged",25,0.25,6,3120,-0.0323716188374211,FALSE,0.159923329518767
"LogNormalize","merged",25,0.25,7,1634,0.160306807106951,FALSE,0.159923329518767
"LogNormalize","merged",25,0.25,8,1584,0.207702493626753,FALSE,0.159923329518767
"LogNormalize","merged",25,0.25,9,1082,0.189952003675947,FALSE,0.159923329518767
"LogNormalize","merged",25,0.25,10,1068,-0.133878236811609,FALSE,0.159923329518767
"LogNormalize","merged",25,0.25,11,618,0.270489532810098,FALSE,0.159923329518767
"LogNormalize","merged",25,0.25,12,613,0.145525171008271,FALSE,0.159923329518767
"LogNormalize","merged",25,0.25,13,337,0.373636529944363,FALSE,0.159923329518767
"LogNormalize","merged",25,0.25,14,305,-0.0352827630102735,FALSE,0.159923329518767
"LogNormalize","merged",25,0.3,0,5414,NA,FALSE,0.172182070560295
"LogNormalize","merged",25,0.3,1,5188,0.156483151597954,FALSE,0.172182070560295
"LogNormalize","merged",25,0.3,2,4657,0.0736875537436578,FALSE,0.172182070560295
"LogNormalize","merged",25,0.3,3,4251,0.249639972014554,FALSE,0.172182070560295
"LogNormalize","merged",25,0.3,4,3601,0.313103197603902,FALSE,0.172182070560295
"LogNormalize","merged",25,0.3,5,3114,0.18641033908535,FALSE,0.172182070560295
"LogNormalize","merged",25,0.3,6,2042,0.15286131493504,FALSE,0.172182070560295
"LogNormalize","merged",25,0.3,7,1613,0.0700537785625708,FALSE,0.172182070560295
"LogNormalize","merged",25,0.3,8,1556,0.187771744699676,FALSE,0.172182070560295
"LogNormalize","merged",25,0.3,9,1400,0.199827398271752,FALSE,0.172182070560295
"LogNormalize","merged",25,0.3,10,1081,0.157734016387433,FALSE,0.172182070560295
"LogNormalize","merged",25,0.3,11,1044,-0.137242023409158,FALSE,0.172182070560295
"LogNormalize","merged",25,0.3,12,1014,0.296839279848142,FALSE,0.172182070560295
"LogNormalize","merged",25,0.3,13,699,0.143976615441656,FALSE,0.172182070560295
"LogNormalize","merged",25,0.3,14,603,0.117894895889037,FALSE,0.172182070560295
"LogNormalize","merged",25,0.3,15,334,0.363307223475306,FALSE,0.172182070560295
"LogNormalize","merged",25,0.3,16,305,-0.0344467787533933,FALSE,0.172182070560295
"LogNormalize","merged",25,0.5,0,4689,NA,FALSE,0.165329016169888
"LogNormalize","merged",25,0.5,1,4639,0.228189043729278,FALSE,0.165329016169888
"LogNormalize","merged",25,0.5,2,4229,0.19477926533768,FALSE,0.165329016169888
"LogNormalize","merged",25,0.5,3,4033,0.315127308536648,FALSE,0.165329016169888
"LogNormalize","merged",25,0.5,4,3590,0.111962796109574,FALSE,0.165329016169888
"LogNormalize","merged",25,0.5,5,2886,0.177882049639321,FALSE,0.165329016169888
"LogNormalize","merged",25,0.5,6,2047,0.0567056341023116,FALSE,0.165329016169888
"LogNormalize","merged",25,0.5,7,1636,0.0721982417322477,FALSE,0.165329016169888
"LogNormalize","merged",25,0.5,8,1559,0.185861360786925,FALSE,0.165329016169888
"LogNormalize","merged",25,0.5,9,1431,0.194296162557771,FALSE,0.165329016169888
"LogNormalize","merged",25,0.5,10,1178,0.143831687040096,FALSE,0.165329016169888
"LogNormalize","merged",25,0.5,11,1082,0.000419802781069289,FALSE,0.165329016169888
"LogNormalize","merged",25,0.5,12,1068,0.255060378366485,FALSE,0.165329016169888
"LogNormalize","merged",25,0.5,13,1017,-0.141080911267058,FALSE,0.165329016169888
"LogNormalize","merged",25,0.5,14,699,0.142864707205302,FALSE,0.165329016169888
"LogNormalize","merged",25,0.5,15,641,0.129092660138409,FALSE,0.165329016169888
"LogNormalize","merged",25,0.5,16,625,0.116798827027965,FALSE,0.165329016169888
"LogNormalize","merged",25,0.5,17,334,0.333989709799924,FALSE,0.165329016169888
"LogNormalize","merged",25,0.5,18,305,-0.0381932803709803,FALSE,0.165329016169888
"LogNormalize","merged",25,0.5,19,228,0.27179384035177,FALSE,0.165329016169888
"LogNormalize","merged",25,0.75,0,4640,NA,FALSE,0.158040479827852
"LogNormalize","merged",25,0.75,1,4389,0.194309857522391,FALSE,0.158040479827852
"LogNormalize","merged",25,0.75,2,4003,0.20987955709305,FALSE,0.158040479827852
"LogNormalize","merged",25,0.75,3,3826,0.112748952600145,FALSE,0.158040479827852
"LogNormalize","merged",25,0.75,4,3380,0.290147861769186,FALSE,0.158040479827852
"LogNormalize","merged",25,0.75,5,2747,0.181572049128789,FALSE,0.158040479827852
"LogNormalize","merged",25,0.75,6,2008,0.0882233259614678,FALSE,0.158040479827852
"LogNormalize","merged",25,0.75,7,1609,0.0998072647061517,FALSE,0.158040479827852
"LogNormalize","merged",25,0.75,8,1563,0.18157232568814,FALSE,0.158040479827852
"LogNormalize","merged",25,0.75,9,1402,0.187350012599823,FALSE,0.158040479827852
"LogNormalize","merged",25,0.75,10,1180,0.144457410855532,FALSE,0.158040479827852
"LogNormalize","merged",25,0.75,11,1088,-0.00314092807446055,FALSE,0.158040479827852
"LogNormalize","merged",25,0.75,12,1044,-0.146407682824602,FALSE,0.158040479827852
"LogNormalize","merged",25,0.75,13,1020,0.278334155028059,FALSE,0.158040479827852
"LogNormalize","merged",25,0.75,14,947,0.127174731845936,FALSE,0.158040479827852
"LogNormalize","merged",25,0.75,15,866,0.0828748002127504,FALSE,0.158040479827852
"LogNormalize","merged",25,0.75,16,625,-0.00802557343416134,FALSE,0.158040479827852
"LogNormalize","merged",25,0.75,17,516,0.322336293638516,FALSE,0.158040479827852
"LogNormalize","merged",25,0.75,18,337,0.104497158077991,FALSE,0.158040479827852
"LogNormalize","merged",25,0.75,19,234,-0.0455078769218465,FALSE,0.158040479827852
"LogNormalize","merged",25,0.75,20,226,0.127959734932631,FALSE,0.158040479827852
"LogNormalize","merged",25,0.75,21,187,0.302002269597608,FALSE,0.158040479827852
"LogNormalize","merged",25,0.75,22,79,0.371964179291077,TRUE,0.158040479827852
"LogNormalize","merged",30,0.25,0,5484,NA,FALSE,0.143279042450655
"LogNormalize","merged",30,0.25,1,5292,0.142929998368447,FALSE,0.143279042450655
"LogNormalize","merged",30,0.25,2,5269,0.229167702126581,FALSE,0.143279042450655
"LogNormalize","merged",30,0.25,3,4585,0.0606926487128182,FALSE,0.143279042450655
"LogNormalize","merged",30,0.25,4,3580,0.244423012690149,FALSE,0.143279042450655
"LogNormalize","merged",30,0.25,5,3491,0.181702754160805,FALSE,0.143279042450655
"LogNormalize","merged",30,0.25,6,3102,-0.033956593751545,FALSE,0.143279042450655
"LogNormalize","merged",30,0.25,7,1606,0.108339741135977,FALSE,0.143279042450655
"LogNormalize","merged",30,0.25,8,1569,0.197002041775943,FALSE,0.143279042450655
"LogNormalize","merged",30,0.25,9,1080,0.184626714370211,FALSE,0.143279042450655
"LogNormalize","merged",30,0.25,10,950,0.252047760492098,FALSE,0.143279042450655
"LogNormalize","merged",30,0.25,11,643,-0.112506816464178,FALSE,0.143279042450655
"LogNormalize","merged",30,0.25,12,623,0.123493701653934,FALSE,0.143279042450655
"LogNormalize","merged",30,0.25,13,336,0.344090550912704,FALSE,0.143279042450655
"LogNormalize","merged",30,0.25,14,306,-0.0308870370721359,FALSE,0.143279042450655
"LogNormalize","merged",30,0.3,0,5466,NA,FALSE,0.153509496997204
"LogNormalize","merged",30,0.3,1,5265,0.142188307436128,FALSE,0.153509496997204
"LogNormalize","merged",30,0.3,2,5232,0.224893520342975,FALSE,0.153509496997204
"LogNormalize","merged",30,0.3,3,4569,0.0618128888191479,FALSE,0.153509496997204
"LogNormalize","merged",30,0.3,4,3628,0.246226629437518,FALSE,0.153509496997204
"LogNormalize","merged",30,0.3,5,3102,0.174199930505626,FALSE,0.153509496997204
"LogNormalize","merged",30,0.3,6,2081,0.108203711162767,FALSE,0.153509496997204
"LogNormalize","merged",30,0.3,7,1574,0.0811330321801108,FALSE,0.153509496997204
"LogNormalize","merged",30,0.3,8,1570,0.201290220404177,FALSE,0.153509496997204
"LogNormalize","merged",30,0.3,9,1407,0.181641175836384,FALSE,0.153509496997204
"LogNormalize","merged",30,0.3,10,1084,0.141918131949294,FALSE,0.153509496997204
"LogNormalize","merged",30,0.3,11,1044,0.243542412141542,FALSE,0.153509496997204
"LogNormalize","merged",30,0.3,12,629,-0.132398144362644,FALSE,0.153509496997204
"LogNormalize","merged",30,0.3,13,623,0.132558948989109,FALSE,0.153509496997204
"LogNormalize","merged",30,0.3,14,336,0.323582337812167,FALSE,0.153509496997204
"LogNormalize","merged",30,0.3,15,306,-0.0320487206136581,FALSE,0.153509496997204
"LogNormalize","merged",30,0.5,0,4705,NA,FALSE,0.153048230145716
"LogNormalize","merged",30,0.5,1,4565,0.176172289945304,FALSE,0.153048230145716
"LogNormalize","merged",30,0.5,2,4244,0.222455485497843,FALSE,0.153048230145716
"LogNormalize","merged",30,0.5,3,4015,0.284707802509961,FALSE,0.153048230145716
"LogNormalize","merged",30,0.5,4,3690,0.0967868288485753,FALSE,0.153048230145716
"LogNormalize","merged",30,0.5,5,2963,0.144089446554626,FALSE,0.153048230145716
"LogNormalize","merged",30,0.5,6,1995,0.128900724821089,FALSE,0.153048230145716
"LogNormalize","merged",30,0.5,7,1609,0.0675843960984731,FALSE,0.153048230145716
"LogNormalize","merged",30,0.5,8,1593,0.174889475188276,FALSE,0.153048230145716
"LogNormalize","merged",30,0.5,9,1412,0.167065209784084,FALSE,0.153048230145716
"LogNormalize","merged",30,0.5,10,1174,0.133365675620353,FALSE,0.153048230145716
"LogNormalize","merged",30,0.5,11,1087,-0.00175278409454975,FALSE,0.153048230145716
"LogNormalize","merged",30,0.5,12,1069,0.239563312553836,FALSE,0.153048230145716
"LogNormalize","merged",30,0.5,13,1025,-0.144919862062115,FALSE,0.153048230145716
"LogNormalize","merged",30,0.5,14,786,0.128141845488446,FALSE,0.153048230145716
"LogNormalize","merged",30,0.5,15,736,-0.00215870175699158,FALSE,0.153048230145716
"LogNormalize","merged",30,0.5,16,605,0.105131693558776,FALSE,0.153048230145716
"LogNormalize","merged",30,0.5,17,337,0.343833647695903,FALSE,0.153048230145716
"LogNormalize","merged",30,0.5,18,306,-0.0386527239569677,FALSE,0.153048230145716
"LogNormalize","merged",30,0.75,0,4685,NA,FALSE,0.140347860052609
"LogNormalize","merged",30,0.75,1,4280,0.176996295822599,FALSE,0.140347860052609
"LogNormalize","merged",30,0.75,2,4008,0.204220573682089,FALSE,0.140347860052609
"LogNormalize","merged",30,0.75,3,3811,0.0968477957099673,FALSE,0.140347860052609
"LogNormalize","merged",30,0.75,4,3442,0.268233991004343,FALSE,0.140347860052609
"LogNormalize","merged",30,0.75,5,2742,0.150114476163251,FALSE,0.140347860052609
"LogNormalize","merged",30,0.75,6,2036,0.0450825875763278,FALSE,0.140347860052609
"LogNormalize","merged",30,0.75,7,1611,0.0900696385798476,FALSE,0.140347860052609
"LogNormalize","merged",30,0.75,8,1567,0.166879739204186,FALSE,0.140347860052609
"LogNormalize","merged",30,0.75,9,1391,0.173088408569912,FALSE,0.140347860052609
"LogNormalize","merged",30,0.75,10,1182,0.131135896417317,FALSE,0.140347860052609
"LogNormalize","merged",30,0.75,11,1091,-0.00490526927643058,FALSE,0.140347860052609
"LogNormalize","merged",30,0.75,12,1046,-0.148444968294364,FALSE,0.140347860052609
"LogNormalize","merged",30,0.75,13,1040,0.263626332682141,FALSE,0.140347860052609
"LogNormalize","merged",30,0.75,14,1031,0.0580804339316648,FALSE,0.140347860052609
"LogNormalize","merged",30,0.75,15,829,0.109918054551685,FALSE,0.140347860052609
"LogNormalize","merged",30,0.75,16,624,-0.00208516553689749,FALSE,0.140347860052609
"LogNormalize","merged",30,0.75,17,448,0.307955557665652,FALSE,0.140347860052609
"LogNormalize","merged",30,0.75,18,338,0.0978783976702581,FALSE,0.140347860052609
"LogNormalize","merged",30,0.75,19,308,-0.0428320627813858,FALSE,0.140347860052609
"LogNormalize","merged",30,0.75,20,215,0.221105831347495,FALSE,0.140347860052609
"LogNormalize","merged",30,0.75,21,191,0.113627208469149,FALSE,0.140347860052609
